# x y z radius  (N=2000, box=[1.0, 1.0, 1.0])
4.526065180055390685e-02 1.110943708322841526e-02 4.105195536124417455e-02 3.080917951024127535e-02
2.606009720794273329e-02 1.052419821678760720e-01 1.665473227910511944e-02 5.401979373919525707e-02
1.181272791576045006e-01 1.178450539783985201e-01 5.415687893386853663e-02 3.890347479094374145e-02
1.206541981278373005e-01 8.484983168819256946e-03 7.126996383945195801e-02 3.957129225555992141e-02
6.514333426154078621e-02 5.902335983112687312e-02 8.406933541420742728e-02 3.658494364713381353e-02
2.096577135761513444e-01 3.189605190270859703e-02 3.672077444444281358e-02 3.552537171754402423e-02
1.593207893689799204e-01 6.423839440709559756e-02 6.101132492532834045e-02 2.904938230474630664e-02
1.278994966425000268e-01 7.736860627598513007e-02 1.173568991074481760e-01 3.678785445051647313e-02
2.134536773621255878e-01 1.205698588208823641e-01 1.157750239402940279e-01 5.274409486964235644e-02
1.619240928829169483e-03 1.820158779414220995e-01 5.220458806395190249e-02 3.404853294600425351e-02
7.183767166289906948e-03 2.303842753532055754e-01 2.478014995235332599e-02 1.770530747264708465e-02
6.208013106112979240e-02 1.600304403452653124e-01 7.646415942959980394e-02 3.470823098098618081e-02
4.414076763304113776e-02 2.491648983527836314e-01 1.019337097840423007e-01 5.971431495722676758e-02
2.031379686739401558e-01 1.264665088314262664e-01 3.218604461572063032e-03 6.044559757974359016e-02
1.725144984295497175e-01 2.260942748953913284e-01 1.335870080969727737e-02 4.428828738164874990e-02
1.403361170097226496e-01 1.936456507978256969e-01 9.797076022472825385e-02 5.142536892591401121e-02
2.347744901094743486e-01 2.231565022215621363e-01 1.087814743098219489e-01 4.810656814172197676e-02
9.006712638716596331e-02 6.548938674209824062e-03 1.668542481961159119e-01 5.753914760834998032e-02
2.796484944170970002e-02 6.408409376080968778e-02 1.404500680915536925e-01 3.114433844235737006e-02
1.580520587543874159e-02 4.206501220592302054e-02 2.292050812974239238e-01 3.185934410111450343e-02
4.348330436418784001e-02 8.551152905776583657e-02 1.953378420746225141e-01 2.979144496556455912e-02
7.412811690280281252e-02 1.189720650241425925e-01 1.887102116663021134e-01 1.114612280874613219e-02
1.156652250216912009e-01 8.865346913631656778e-02 2.383081264154588430e-01 5.427504543766881184e-02
1.883823046676887936e-01 1.749921402150630967e-02 1.275105180653555714e-01 4.892610525938734939e-02
2.476625414425120963e-01 1.005184727348474305e-01 1.848081054574419735e-01 9.938988208525460083e-03
2.023467645532560089e-01 7.392716206430274828e-02 1.980060978645362124e-01 4.244760793424798978e-02
4.207910115847630916e-02 1.267333472629811331e-01 1.325976278176418666e-01 3.355479718843761006e-02
1.208957939170934685e-02 1.330975287840445442e-01 2.253128733551494900e-01 3.462045777021366399e-02
7.070043040957699199e-02 1.843116983423142563e-01 1.883485145839713382e-01 5.154970128798017082e-02
7.958400356678003995e-02 1.510277743594335698e-01 2.490084980688394289e-01 1.638467997343781568e-02
1.386258863938978902e-01 1.340553666995048521e-01 1.628848251459334429e-01 3.671291006958694175e-02
2.118354739286046617e-01 1.869705855705146302e-01 2.178141596949082770e-01 6.901268419669694121e-02
2.989996277999284469e-01 6.920411289503800023e-02 5.654561333608356527e-02 6.330366819218499752e-02
4.848703098957997670e-01 3.759142346689434144e-02 1.268067766499683148e-02 1.277404863703972097e-02
4.235369234376057945e-01 9.886057798567086941e-02 3.820333598604724185e-02 6.603589584787906974e-02
4.517942806121523214e-01 4.081773728087777914e-02 1.217893251259304782e-01 2.759511869047770460e-02
3.352280151798354146e-01 1.735199306676415976e-01 3.234180569576061010e-02 4.975399301136505109e-02
2.610577715349033379e-01 1.644896815434558346e-01 6.279665223706049071e-02 3.093351519466562560e-02
4.972692431118663769e-01 1.634719242150315666e-01 8.155309771538928054e-02 3.971479008298023361e-02
4.147216860659638793e-01 2.058145202606387336e-01 9.091821512125412841e-02 5.353495185065072770e-02
2.766675432053180006e-01 5.295603126540390088e-02 1.598795477774087315e-01 4.367643822935335374e-02
2.664366934496637529e-01 3.496087630631907611e-02 2.361055055554586446e-01 3.531195741130757626e-02
3.354421867246768496e-01 9.020618594973087503e-03 1.984342585266445080e-01 3.921699820288615523e-02
2.803191131501284739e-01 1.052532693409868741e-01 2.220976101133705360e-01 3.769939893233025668e-02
3.730673984299270884e-01 1.221026962241276576e-01 2.245563323929201383e-01 3.775919772224125420e-02
3.778603509541229588e-01 5.976679832523276031e-02 1.379373183053351215e-01 5.042198328295210974e-02
3.817072680431491949e-01 2.881696850106227163e-03 1.682252107838309585e-01 1.228326759291154847e-02
4.951663209028715484e-01 1.712716487483816399e-02 1.863269902634735187e-01 4.141171169658772189e-02
4.984178936251668079e-01 9.762563019060577219e-02 1.394768616067686984e-01 4.799697157255131130e-02
4.032957136405050380e-01 1.972971078569619660e-02 2.087380032203260405e-01 3.025259281967978761e-02
4.413694422088876856e-01 7.156488201041044661e-02 1.947066823266662416e-01 3.558123175906398317e-02
4.710132358418095966e-01 1.143468736509652695e-01 1.953818805330596042e-01 1.632363400766134037e-02
4.948463553461925901e-01 7.350730342498532077e-02 2.366093689566675928e-01 3.238849533694409394e-02
4.409695826993843548e-01 1.186384068339766673e-01 2.422164511088968353e-01 3.130699983212523185e-02
3.204242881408247978e-01 1.592720928800234748e-01 1.449183932153354781e-01 6.468983078760383310e-02
3.238634627053314508e-01 2.294936538489637523e-01 2.240354532758223882e-01 4.115929240790581339e-02
4.283430671646248356e-01 1.496814821686588137e-01 1.701783155907741207e-01 4.454095589951212464e-02
3.760652041112889643e-01 2.177010692627522614e-01 1.843529172496680413e-01 2.500615092397768732e-02
4.813257898900488163e-01 2.293693379261266818e-01 1.483075686196429210e-01 3.749280213249007315e-02
4.293196808793138808e-01 2.183817504298872503e-01 1.901656008312108126e-01 2.701565365039156411e-02
1.714799116110143559e-02 3.033227486636009829e-01 2.700982285826727947e-03 5.652368540825294940e-02
1.117340235625016026e-01 2.564864491540134184e-01 5.136659825392799611e-02 2.446526499771754445e-02
6.039591602875233473e-02 3.248698183455112076e-01 5.785435729064700855e-02 1.676091449351244794e-02
7.324899684418839478e-03 3.554753852429097805e-01 9.435912251422411134e-02 4.939264019848916415e-02
1.031519635921781253e-01 3.352273660624371932e-01 1.006955123225164728e-01 4.464530453505764079e-02
2.073430332893452799e-01 2.910044317273137726e-01 9.635948105317640108e-03 2.946966854845470274e-02
2.006395201426567632e-01 3.552139395422302393e-01 4.587325798225135032e-02 4.424620416814069312e-02
1.693076288355935544e-01 2.816438902339379879e-01 8.043408831344543708e-02 4.286897824504839333e-02
7.627102454566259127e-02 4.005716263918300823e-01 3.180323132073275411e-02 5.405101486871733557e-02
8.427933256323153974e-03 4.713616340941245708e-01 1.468869766132558340e-02 4.549347781466514529e-02
6.995165011922177545e-02 4.027885584449902301e-01 1.182395950015493469e-01 3.265237042501810405e-02
3.023537001994867218e-02 4.659011323070716415e-01 1.013515630637475268e-01 4.380787017083118129e-02
9.160652065512350783e-02 4.743553859548503282e-01 9.388889797620138256e-02 1.769384497723222940e-02
2.022586721694840384e-01 4.261086232873449453e-01 2.690078167691668798e-02 2.916250304462988246e-02
1.447987181096188347e-01 4.261609854214820636e-01 1.021005917962920229e-01 4.740621327579778999e-02
2.316390192947707649e-01 4.202774238717514876e-01 9.032380804856915413e-02 4.043193517218356819e-02
5.080399913095495074e-02 2.615023630369097685e-01 1.839359391520860032e-01 2.197597333063235764e-02
4.616846843312708698e-02 3.236713505640440025e-01 1.690268749623283218e-01 4.058477112230952227e-02
1.309933202078289172e-01 2.729484908872520377e-01 1.752851378769970936e-01 5.644732024108434221e-02
2.036567926209381929e-01 2.752154662814561559e-01 1.451390668940453210e-01 2.167128992705786780e-02
1.981581170238360667e-01 3.468148980250294611e-01 1.394035177703756845e-01 4.964270097919738084e-02
2.978158556383461719e-02 4.228227274748991849e-01 1.800142067581467498e-01 4.371722583706921100e-02
1.154574037781419676e-01 3.818419833242890915e-01 1.857640797570205005e-01 5.143065677213334158e-02
8.800759863212681555e-02 4.568957864400040592e-01 1.456491283862811348e-01 2.953974388482865504e-02
3.521283718690060988e-02 4.457516390447281429e-01 2.470277138805614392e-01 2.732208726311053520e-02
1.098565896864432956e-01 4.732459719414972010e-01 2.149558331438258252e-01 4.468899463059003430e-02
1.384181764703876771e-01 4.851571702542931130e-01 1.489571639562281835e-01 2.820623399265425116e-02
2.076611868716219667e-01 4.453940906709620839e-01 1.877677930714878596e-01 6.057951192468098017e-02
2.781994572707024993e-01 2.570556181915861216e-01 5.417782336119314479e-02 2.945966715710045605e-02
2.566835551635798796e-01 3.046571104150331277e-01 3.313109854926989117e-02 2.685952224173465686e-02
2.774879294297925569e-01 3.711715058555926094e-01 5.620535298570545485e-02 3.492143949585189977e-02
2.642230728929401695e-01 3.101133027869383829e-01 9.528936489824825495e-02 3.599232297808631353e-02
3.304354432546575127e-01 2.633903949617336648e-01 1.084024956820682367e-01 4.609949301657029208e-02
2.763726792442234848e-01 3.721549894039161699e-01 1.249444277256424179e-01 3.383780900682990117e-02
3.321028913491370083e-01 3.413151686035755250e-01 7.429844561599799335e-02 2.990055515763434188e-02
3.755501696406634560e-01 2.847523773406590575e-01 3.998869980569343661e-04 7.280623208712766470e-02
4.430238783857672891e-01 3.610530429695657517e-01 4.914387854381382925e-02 4.012014722410547907e-02
4.757151695794762936e-01 2.822446170243042562e-01 6.719257352289391416e-02 4.709068066988498363e-02
4.451588472909731586e-01 2.624415806631866244e-01 1.189688905988765533e-01 1.620737345037740959e-02
4.027492164612067049e-01 3.205826841784497616e-01 9.762725922810923385e-02 3.433119393576215123e-02
4.741005995175159859e-01 3.366649278224824182e-01 8.682800892625737454e-02 8.114118376119878323e-03
4.479539008930916166e-01 3.356817119851447373e-01 1.227265010641239995e-01 1.953926704059014488e-02
3.536511648375034178e-01 4.074781515985990143e-01 2.644361566499520491e-02 5.455094223893525163e-02
2.682523659838231267e-01 4.567711938615817147e-01 1.219314656913823153e-02 4.507919834265972786e-02
3.377651107141877440e-01 4.896656693929734017e-01 3.049403549506741334e-03 3.236701091448181827e-02
3.703872982626541521e-01 4.675175850922643206e-01 6.096330362554083782e-02 1.564715985550828303e-02
4.732873125218620136e-01 4.269678229791118440e-01 1.689094824118290289e-02 3.862630698461561735e-02
4.098329043824817663e-01 4.662901795724835874e-01 1.645288220198439649e-02 2.651305923816508689e-02
3.992316699567581839e-01 3.927376135844300453e-01 1.061068559018359531e-01 3.840674537242749070e-02
4.734176174178509888e-01 3.853142413120140275e-01 1.154064405595929960e-01 3.672776144460311587e-02
4.375087947067460847e-01 4.682002962866338991e-01 9.853653663118792927e-02 4.654799707726227365e-02
2.672256356628304741e-01 2.853687997627028516e-01 1.782530403472722402e-01 5.063552705533860138e-02
3.394745118592098487e-01 2.676038286959229739e-01 1.759315196369332090e-01 2.215119102333928600e-02
3.461312939143320611e-01 3.440413395135774599e-01 1.475001705482711367e-01 4.468657507759998815e-02
3.416301171051481789e-01 3.099453112583357428e-01 2.262618058427026402e-01 4.126201738217951526e-02
2.760846949766954661e-01 3.729300780811184435e-01 1.984306359343565307e-01 3.965742600879843677e-02
4.029130263377164733e-01 2.732787967374619709e-01 1.576054562002488779e-01 4.205878780146863477e-02
4.754018902280801595e-01 2.982203513034812903e-01 1.444300417302768758e-01 3.172762395261158330e-02
4.310617825159456240e-01 3.586189433890120126e-01 1.856922749575777576e-01 4.957174497446808353e-02
3.924970263816782712e-01 2.615680591776466390e-01 2.268547631045307045e-01 2.894375545194051089e-02
4.672989512785521438e-01 2.751734130778472620e-01 2.197146256728044755e-01 4.742218159610178674e-02
3.229070836043487769e-01 4.633588285234112591e-01 1.319376315833141744e-01 6.873896656337885602e-02
3.529158935485459669e-01 3.972463643770682840e-01 2.168945589000019214e-01 4.302172929330257828e-02
2.828307248411349728e-01 4.869828317484857783e-01 2.206084263435795501e-01 3.139664100957680754e-02
4.419160348868972354e-01 4.361571850180002152e-01 1.685513097488079981e-01 3.057706835732728473e-02
4.068535626954790096e-01 4.862408911264690659e-01 1.833811471916830249e-01 3.233307769806996468e-02
4.145065923761656057e-01 4.384349396265639909e-01 2.147183613311612616e-01 1.470313515104696919e-02
4.907186168948604599e-01 4.611144411226750228e-01 2.413628751559638852e-01 6.056074429228076178e-02
2.250025945930190022e-02 2.287946613922440392e-02 2.949154320827123699e-01 3.692148012985338457e-02
8.446735305091275514e-02 6.905945793722208757e-03 2.601399296130147976e-01 3.591799262444190372e-02
4.493847427958710949e-02 2.697936856435166619e-02 3.693354135577068265e-01 4.092214588141609988e-02
9.850883466907668640e-02 4.785359491806537302e-02 3.132371507666127375e-01 3.194535193705531212e-02
2.166403919115117704e-01 8.456787680882381364e-02 2.945062534899239304e-01 5.568811472822367964e-02
1.764048579834697206e-01 1.850171831826319738e-02 3.172831035713271075e-01 2.494454876953180328e-02
1.389681914971888088e-01 1.195125676370746570e-01 3.151310858670960946e-01 3.173271236476044727e-02
1.056340086121474314e-01 2.393168749469904710e-01 2.831547065877703107e-01 5.841358177005123720e-02
3.816551791516722969e-02 1.294425538938433762e-01 3.267975338273927943e-01 7.022824028459555279e-02
1.135925631324701326e-02 2.425894910682357131e-01 3.612980118371728611e-01 4.529982755077699430e-02
6.978356668084108316e-02 2.155890496445633520e-01 3.478213188633805242e-01 1.906744190275353606e-02
1.367323793553717470e-01 1.600511847284689926e-01 2.720554752987586200e-01 2.746965348789766337e-02
1.785307605184316138e-01 1.527760582533733424e-01 2.985473662901600433e-01 2.255079473627115416e-02
1.280374662285621856e-01 1.783455022647180144e-01 3.591313295365329838e-01 3.708641873774030234e-02
2.308298316275009254e-01 1.263272213368603625e-01 3.551191952699380150e-01 1.451225441934584498e-02
2.100875128332044539e-01 2.091916204237823929e-01 3.378855587150869089e-01 5.312180854198032820e-02
5.456893119257787139e-02 8.599253857499053466e-02 4.372684662151148927e-01 4.958608596252187667e-02
1.513530188560615608e-01 6.521599862198951270e-02 3.888136943421071079e-01 6.063828090507183272e-02
1.398250632838487217e-01 1.700107946500451633e-02 4.450113308952952651e-01 1.430001253552486661e-02
1.892706200086577140e-01 7.619000442239997131e-03 4.835596414927466058e-01 1.872852405105850798e-02
2.409435574864812468e-01 9.522299773246722943e-02 4.723033268162549758e-01 6.130595910455330366e-02
6.962974578004033077e-02 1.948399554170029968e-01 4.353268673693848623e-01 6.033323231927068681e-02
1.198316419681210027e-01 1.298841400999551365e-01 4.636038668578220112e-01 2.313708692107133147e-02
1.817526111172588499e-01 1.607174050948906585e-01 4.162399390575444724e-01 4.327398540898379914e-02
2.356919757478743715e-01 2.182441787466240235e-01 4.192112605183355711e-01 3.263191502519059012e-02
1.639441647770220334e-01 2.460549382030624566e-01 4.400988458529556113e-01 4.711387097433845234e-02
2.173985923232961692e-01 1.934887569072578917e-01 4.856668798071476223e-01 4.062292694697932499e-02
3.562523780665890483e-01 5.462736584844027354e-02 2.603616239222842355e-01 4.046228727247187101e-02
2.952408613371759194e-01 7.500576433561399747e-02 2.757615283591298705e-01 2.568363997659053877e-02
2.901504621039290299e-01 2.915953064548690299e-02 3.166941643306711573e-01 3.566905052870739806e-02
3.554566199537964044e-01 2.194299317176481162e-02 3.231789681617207588e-01 3.035526402586941411e-02
3.304881700360904340e-01 7.392236000258751993e-02 3.168907178803158087e-01 2.459255180656316070e-02
4.299103476998282769e-01 4.871816652734016484e-02 2.588300447557672079e-01 3.345080110561880066e-02
4.967944912208303587e-01 8.641406938061772271e-04 2.770665567780203342e-01 5.078949926421798267e-02
3.988554971051535558e-01 1.094843742553553850e-01 2.959578850779140957e-01 3.758603351908640366e-02
4.653176799294681532e-01 8.904260011743493630e-02 2.854049964399611450e-01 2.643383457520832175e-02
4.382602549649520784e-01 4.668218988833574418e-02 3.356750980100802195e-01 4.387586036156162356e-02
3.103756093642069391e-01 1.592912489630926021e-01 3.030697606835788815e-01 6.419935144749180922e-02
4.116014754121922747e-01 1.925330602021441684e-01 2.609399217927454995e-01 5.038695287843570486e-02
4.680147027475328181e-01 2.249388517520829467e-01 2.951355195444159696e-01 2.176550111668311763e-02
4.635617267978009992e-01 1.457348249651354011e-01 3.134034366184944020e-01 3.682095898538619710e-02
4.070444259412004939e-01 2.010451849801177249e-01 3.732878502558909517e-01 6.237556695055940931e-02
3.213899680892464139e-01 2.722387376013583188e-02 3.876399205452027985e-01 3.243419733749283024e-02
2.693164588642448787e-01 7.772816737162280276e-02 3.754465004773481773e-01 4.112693078642921246e-02
3.691619390601312278e-01 9.509811467335714530e-02 3.773255237599510425e-01 5.022163306439907798e-02
3.134058639924377498e-01 1.202634273994083736e-01 4.298068768227439329e-01 2.635109069017339128e-02
3.313054531497099386e-01 6.030838554613623947e-02 4.493256060081248227e-01 3.826357877629699838e-02
3.842299316514243834e-01 1.378708895318043852e-02 3.784406286691589516e-01 3.248225920589433574e-02
4.226136247390682166e-01 6.892331218301300452e-03 4.078979154509504990e-01 1.639127601590273375e-02
4.921024384865573809e-01 1.113547093118158748e-01 4.052424014440850208e-01 6.531172508511216834e-02
4.124185925921950990e-01 5.059878095660961389e-02 4.474810094165564411e-01 4.345039389093332399e-02
4.885881977735042625e-01 5.767879863118281769e-02 4.928384574434290788e-01 3.748341108933502669e-02
4.516722046005326452e-01 1.199802610163492600e-01 4.868740533789739366e-01 2.619090996042763853e-02
2.613563602739159553e-01 1.556580349118879825e-01 3.943165031904117823e-01 3.945000510882856748e-02
3.289823740084461545e-01 1.601117614239212783e-01 3.956791967584527003e-01 2.833621350648446099e-02
2.544185905959125416e-01 1.636635557032331822e-01 4.547559292777927364e-01 1.000565986068084265e-02
3.019960590902499020e-01 1.969937992770521284e-01 4.596474593364825445e-01 4.789164081317351385e-02
2.615834434917044815e-01 2.278039963493773135e-01 4.989136792921394781e-01 1.486757566622718893e-02
3.759090250793492016e-01 1.334143233906457116e-01 4.724437639919616960e-01 5.044406802286881264e-02
4.360793796842939996e-01 1.734750743489604785e-01 4.980719150389421590e-01 2.625283383428098777e-02
3.912417378542571433e-01 2.322631002991239479e-01 4.799416655892230210e-01 4.987366457941016379e-02
4.842198997734883936e-01 2.112640846382976278e-01 4.569653390565459050e-01 4.747498242186267564e-02
6.673578727956606949e-02 3.279899388674294425e-01 2.506751872516000956e-01 4.372833063654299468e-02
1.161078897983590513e-01 3.589475722766137245e-01 3.077557319620369269e-01 2.469184769044147076e-02
8.838087124607246770e-02 2.502274076026049232e-01 3.705323580284669571e-01 2.469067899766239430e-02
6.507424686333901365e-02 3.182754035058882325e-01 3.438755052718360239e-01 4.913447673864151932e-02
1.869637729250517855e-01 2.528714328308755976e-01 2.783647280476280184e-01 2.387379041280233288e-02
2.161313859288328532e-01 2.756374957630189360e-01 3.045013972243622025e-01 2.142709584485371493e-02
1.802400661091038414e-01 3.330459509530067641e-01 2.600684924124351816e-01 5.857255426347435234e-02
1.587581891242775822e-01 2.945945266362351433e-01 3.576145488555581009e-01 4.847022256287292913e-02
2.480417275442426406e-01 3.206950025136444116e-01 3.292489786306430632e-01 3.907823558771866823e-02
2.050540339131471934e-01 3.616065613037167115e-01 3.292349733280161561e-01 2.026637839874788002e-02
1.635514072013023040e-02 3.810639537204177363e-01 3.016819429737046532e-01 4.084748648148435468e-02
8.828712596755132480e-02 4.083357082746061906e-01 2.710824223302376601e-01 4.193196513671517550e-02
7.695930883373339193e-02 4.901968567604929605e-01 2.959640128955116078e-01 4.437589479396025077e-02
8.054003652035844271e-03 4.276428604714269111e-01 3.549899750163563739e-01 1.875145241718030251e-02
1.175683108029599439e-01 3.805507989770497423e-01 3.636407796201745479e-01 3.467978878163986006e-02
6.394128726896450288e-02 4.258376954402094960e-01 3.444158308690220549e-01 3.722976011618264747e-02
2.433919648817238768e-01 3.764976547224960224e-01 2.959803891669551823e-01 2.590425748559219490e-02
1.830239340109892643e-01 4.495269571448826107e-01 3.171299097124462563e-01 7.117749551613225534e-02
7.965752549272298033e-02 2.862173746785478534e-01 4.185734187809476148e-01 3.039214312030165746e-02
1.954502457119104003e-02 2.814733425137296297e-01 4.789777545372591039e-01 4.884986924102450306e-02
2.251601713005727812e-01 2.919744073922284633e-01 4.089567314614640514e-01 3.550720756656790961e-02
1.983329678712944244e-01 3.693281742155519187e-01 3.809513668656621110e-01 3.245433062703509397e-02
2.354854484072937126e-01 2.682736773507028438e-01 4.754298988341451593e-01 3.571705867373519555e-02
1.406084793765838004e-01 3.486267904620448110e-01 4.479745441397227634e-01 5.839184664090466687e-02
2.390971606666605631e-01 3.531513969620212468e-01 4.948692354004994298e-01 5.079686849020115941e-02
2.678964270859239549e-02 3.788213887523734780e-01 4.287404004308865146e-01 6.094810427536032083e-02
2.109947268140120388e-02 4.867118693174409816e-01 3.943880151036397996e-01 5.242684594563235684e-02
1.097129070134813533e-01 4.456368673047162998e-01 4.120887695862986422e-01 4.683849103310241263e-02
1.720480324239949954e-01 4.071352394936751384e-01 4.085060937946701221e-01 1.640189457807609413e-02
1.605793829064862677e-01 4.955838793249314755e-01 4.141874155685188463e-01 1.792477385257570249e-02
1.931682034549349614e-01 4.477152016908061416e-01 4.730936970196751301e-01 5.656544038673630426e-02
2.707955088570909163e-01 2.546360464957683201e-01 2.817894895491608875e-01 4.120691436596170959e-02
3.563475582248221696e-01 2.568454630333080746e-01 2.938805898813851569e-01 4.058861316470215030e-02
2.742159108674113721e-01 3.277346931326471924e-01 2.585452589127466561e-01 3.558016258975141288e-02
3.020834701401590716e-01 2.562363573315296628e-01 3.740389232347215431e-01 5.622005573102209497e-02
3.488206476258853272e-01 3.630662228036396488e-01 3.248879163453419205e-01 7.033303144370055271e-02
4.094976750811363253e-01 3.187355601263180405e-01 2.543639557738933132e-01 3.272361390775559153e-02
4.430222521519540657e-01 3.630024303326735424e-01 2.633932429745137194e-01 2.275203832486428698e-02
4.498967616203350950e-01 2.931284150900427266e-01 3.230180927708960481e-01 5.095812741813481733e-02
2.791604990014407428e-01 4.168197748398914659e-01 2.621186233854621017e-01 3.775013179119873774e-02
2.694928977252062929e-01 4.652770826731927878e-01 2.923045662151674828e-01 2.015296474287316120e-02
3.660276126386813322e-01 4.910418740693989204e-01 2.750220150287734922e-01 6.810528077239701161e-02
2.897030445264666687e-01 4.492820110400438938e-01 3.416795972672324044e-01 3.554436335683284348e-02
3.369847165613527595e-01 4.799616955663386086e-01 3.635544745025114377e-01 2.491481887018567876e-02
4.165063626707520839e-01 4.085435588016901320e-01 2.544657880041900078e-01 3.063966732754721742e-02
4.075130228105922070e-01 4.311224604648896674e-01 3.237032966583103244e-01 1.954797699958182866e-02
4.655946415962607388e-01 3.928592474683968994e-01 3.262218920039848258e-01 5.006048104173209390e-02
4.638508184931691702e-01 4.840347210690794655e-01 3.404244109976050647e-01 4.223657932583974040e-02
2.690217638956679536e-01 3.574527191865444209e-01 4.056878732181984359e-01 4.337428803976700609e-02
3.154656231727592797e-01 2.943915392000940878e-01 4.706956351423014495e-01 4.855617229222036063e-02
3.485362087940778730e-01 3.741079249826377295e-01 4.387847789207022786e-01 4.345871062454007006e-02
3.890711709902741622e-01 2.995847252184218878e-01 4.127283302194799663e-01 4.528749569260059893e-02
4.667407192484011591e-01 2.707914213167507689e-01 4.036573958737215695e-01 3.432270670377921690e-02
4.244860786995858226e-01 3.732458083056122145e-01 4.007837496659193421e-01 3.732124174047700416e-02
4.639368300442784365e-01 3.274318067871115345e-01 3.885807859039939749e-01 2.435771476567732269e-02
4.942552004044800662e-01 2.952013126208667404e-01 4.709645345419837814e-01 3.821760910909045156e-02
4.449506625300985174e-01 3.320361688923074150e-01 4.469594618576606115e-01 2.784476984939234304e-02
2.500728356257931329e-01 4.350349228475384189e-01 4.003414604209202254e-01 3.666891446533732807e-02
3.206292226189312866e-01 4.388994767196371938e-01 4.062171904837489356e-01 3.424260801610350125e-02
2.779225116608715074e-01 4.212595899769508434e-01 4.579560338926705332e-01 2.519062914262100092e-02
2.780806869582380103e-01 4.919488240901321308e-01 4.735422977260410060e-01 3.918331537672445353e-02
3.420297187298976804e-01 4.474022668025295357e-01 4.755144165321122385e-01 3.878216447359155578e-02
3.966985534927139900e-01 4.496002963951458709e-01 3.850586494062770981e-01 4.544134430629256233e-02
4.727186706416293127e-01 4.448009277532776751e-01 4.040775862155691622e-01 3.306951137913027167e-02
4.313581794086285282e-01 4.224914021819588528e-01 4.773453337934628893e-01 5.397891624983875564e-02
5.533770348999615951e-01 1.782406411497810400e-02 2.741707890158898847e-02 3.541059063676402913e-02
5.004229089787549656e-01 3.777203178352053770e-02 7.606848606026379855e-02 3.922527644548400722e-02
5.658495001333250229e-01 8.732752454390514674e-02 6.357385279971888847e-02 4.379807955973435279e-02
6.591354279833727681e-01 1.768095009630753917e-02 5.207895813464330503e-02 7.318982820794608934e-02
6.326530079138619200e-01 9.813861449845762142e-02 1.076437246551208288e-01 2.812340318299797609e-02
7.053483222461859325e-01 1.194207660142445754e-01 1.185690770100183422e-01 4.841451389112044756e-02
5.324404895035964591e-01 1.391007169421481227e-01 3.304231220927257573e-02 2.497144573384506988e-02
5.712935831924657037e-01 1.919576014427473720e-01 5.456584692207528536e-02 4.406990789993574242e-02
5.518305311230254917e-01 1.387458871503803870e-01 1.087624669154560186e-01 2.607843497617836487e-02
6.246854490698551254e-01 2.438403807600513784e-01 6.926274769202099557e-02 3.181958384420668223e-02
6.464008361437858508e-01 1.386031247998384952e-01 4.382821438708500023e-02 4.868871770919205866e-02
7.405179801971141229e-01 1.300916805215727445e-01 3.818353546131967452e-02 3.998192755108790492e-02
7.125774063718931517e-01 2.197483150410982355e-01 7.045803241187807708e-02 5.932809491985854833e-02
5.668239022788510439e-01 2.217156231330394064e-02 1.317295518447254288e-01 4.881817734198089231e-02
5.850893992173770153e-01 1.062604527105994318e-01 1.568850351996342041e-01 4.083497216047824591e-02
5.647801900540416753e-01 5.619960950226529639e-02 2.192921025804969171e-01 4.170820688131086917e-02
6.610271461468751886e-01 4.376495646871799566e-02 1.846010143961717143e-01 6.135302321178259799e-02
7.456956255700127878e-01 2.183249827746230887e-02 1.922569775857534968e-01 2.635683174058229064e-02
7.234829321581248696e-01 4.669338785141000266e-03 2.307130997199014488e-01 2.125789193049864093e-02
5.395029613217329212e-01 1.881442819133051503e-01 1.298705803206266496e-01 2.903949817525385696e-02
5.289386369692977707e-01 1.726247606941228863e-01 2.298135850515226619e-01 7.265408145322353739e-02
6.271682849288420236e-01 1.847026438970781059e-01 1.317058212939739570e-01 5.146715830854464019e-02
6.402023359595476748e-01 1.418823606725913566e-01 2.156217058864917102e-01 4.365268260941618239e-02
6.280351530961129081e-01 2.245846446519942641e-01 2.172342716564918397e-01 3.995887771518773224e-02
7.463101979162299893e-01 2.054291445460180443e-01 2.053507632216413359e-01 8.046097665875166782e-02
7.570991654910862456e-01 4.993485781564366982e-02 2.837779943083770101e-02 3.263995193809390155e-02
8.359377393431584036e-01 3.785652237434070783e-02 2.545013550330843533e-02 2.828122626500276238e-02
8.088213754969584279e-01 9.336520945804377414e-02 5.123373007825497011e-02 3.866476743523118709e-02
7.543878058001427522e-01 3.814205759803288714e-02 1.217147071248696477e-01 4.656877569858325350e-02
8.540765901783985425e-01 3.628386403238927777e-02 1.085189543979030030e-01 5.401510035550836225e-02
8.876078650321242991e-01 7.487306680027359940e-02 3.452308278438999400e-02 3.592668472817910769e-02
9.582647774691395171e-01 6.200133105447758197e-02 9.008625590843857833e-02 5.487767910999451909e-02
7.881771648316385770e-01 1.540806321641229881e-01 1.014428277904280834e-01 4.278335512503957799e-02
8.688836042219220124e-01 1.297094170557258064e-01 9.125427283272252721e-02 4.214484370735045032e-02
7.925606623218733882e-01 2.161154931751317065e-01 8.384088418465651671e-02 2.185105972326490537e-02
8.553609653205943575e-01 2.180538105313241104e-01 1.151454978645597427e-01 4.834840555022496683e-02
9.344906122767174805e-01 1.422714143663520725e-01 3.346863713017330516e-02 4.618656503228994042e-02
9.379162846201428705e-01 2.409872320234344723e-01 4.561066128564315175e-02 5.301043554824769188e-02
7.512788567602678436e-01 8.689277242856512096e-02 1.919005252951853924e-01 3.894493856473649901e-02
8.311740313115795198e-01 6.855802503674324200e-02 1.973181812217817688e-01 4.321075089031698596e-02
9.945398983222917266e-01 6.165374280441749191e-03 1.591776572766583631e-01 3.830096373044514224e-02
9.047690188199826178e-01 8.923350207420348290e-02 1.562588305153608803e-01 3.340984043853616192e-02
9.742770883029727713e-01 7.709424109833179495e-02 1.836941957114895663e-01 3.901295342777489489e-02
9.101767737615688025e-01 1.036291810135854530e-02 1.978172488868776835e-01 5.459087014755366341e-02
8.924061033389171227e-01 9.815508445927151326e-02 2.294386302704880809e-01 3.200841911081835772e-02
8.372971813146954378e-01 1.410511144138642259e-01 1.630976518481506432e-01 3.711516573996229834e-02
9.550283660418394938e-01 1.709705440315504865e-01 1.380981996788446242e-01 6.424647580074323294e-02
8.868982679318762052e-01 1.648503030469370689e-01 2.125108305579266332e-01 3.682977874422100478e-02
9.470085237418678359e-01 1.282098578485435791e-01 2.224847573774896559e-01 3.071077616213957820e-02
8.819675642427060591e-01 2.425902942764332215e-01 1.982507724292230933e-01 4.230279105820496099e-02
5.648594491995192479e-01 2.821894327495548249e-01 2.865101221621307870e-02 5.003082745803332648e-02
5.174143594545754787e-01 3.505049981298895556e-01 4.926094399353451309e-02 3.488528224696187119e-02
5.875800676017189916e-01 3.640989123635044455e-01 4.573250674245108588e-02 3.667224949610398826e-02
5.451372159705736298e-01 2.547420146553192599e-01 1.121983325831207995e-01 4.009612270330390610e-02
5.409764404430050799e-01 3.153442259123522273e-01 8.797457731464751463e-02 2.200336363407929749e-02
5.510320412598415096e-01 3.711559958596511999e-01 1.078463721266931796e-01 3.574764637083527319e-02
6.128295148220779254e-01 3.129178981963063877e-01 1.098867884276127777e-01 4.919434736914846118e-02
6.640158334690361430e-01 3.082731068636704874e-01 2.188632283013180677e-02 5.272283628375724202e-02
6.778433582815420744e-01 2.810493920269645507e-01 1.032557842555964223e-01 1.708918216230502149e-02
7.256421447968258720e-01 3.592149616100960841e-01 6.747372858212034863e-02 2.923516289409779437e-02
5.601224219241629498e-01 4.620738689955529721e-01 3.056995822782220679e-03 5.506776578819994050e-02
5.178377163916740855e-01 4.197937835245205696e-01 7.245521834614962464e-02 3.295705643362842330e-02
6.169057820795930125e-01 3.824896708340786988e-01 9.281629898606498508e-02 1.847668179236115066e-02
5.061797845228056536e-01 4.797095771814442466e-01 8.244821954887648907e-02 2.166481344673018214e-02
5.893879816305719332e-01 4.450059190101210427e-01 1.002054014636913626e-01 4.782327418754424991e-02
6.611359838209038831e-01 4.180376327225436839e-01 2.398817087619283320e-02 5.710098352637633934e-02
6.289518674421835653e-01 4.973462049146910591e-01 5.490401576733291295e-02 3.191501649670669405e-02
7.402964476006270722e-01 4.133932120176736502e-01 7.534814686085956892e-02 2.413597530476313188e-02
6.563545240766588407e-01 4.955317927373353304e-01 1.194711595773699647e-01 3.825376790586237918e-02
7.219221570154338297e-01 4.531112757869726337e-01 6.861657032922763300e-02 1.306789551844746503e-02
5.443681988805904037e-01 3.136240398894198367e-01 1.305514581491480919e-01 2.073660199302127666e-02
5.131842398799804084e-01 3.502038429705474076e-01 1.646140880712343713e-01 3.563478296572713394e-02
6.104318424188469594e-01 3.432754804685032579e-01 1.762799173845909229e-01 2.385971987623182120e-02
5.643311582113388347e-01 2.868376282939203437e-01 1.959495958620670608e-01 5.162573814785975657e-02
5.127162252905952400e-01 3.545500956812964177e-01 2.486188543986025401e-01 4.849223669294702721e-02
6.805113013554535684e-01 2.578082984000452660e-01 1.385389281750115109e-01 2.220536493815375087e-02
6.269376091686582608e-01 2.575395702852995017e-01 1.595276622150494372e-01 2.650603669093646447e-02
7.291058887858186122e-01 3.004314118611383644e-01 1.297557729578746322e-01 4.216390141676697179e-02
6.619488763573755374e-01 3.037605953906499789e-01 2.048179655021137857e-01 4.707172473818628522e-02
6.289926201335607203e-01 3.696458926689568103e-01 2.032731896369064650e-01 1.819770886318735140e-02
7.443225355008199484e-01 3.235414176175246403e-01 2.073434727755407159e-01 3.769137359816213811e-02
5.109213099226512789e-01 4.477146332933474859e-01 1.394617146660256102e-01 3.996416357601178387e-02
5.481690660452184227e-01 4.900282942349765136e-01 1.288840645614716118e-01 1.684110016169093962e-02
5.735285720756616579e-01 4.058202296693612099e-01 1.881236220400746006e-01 4.973289441541130923e-02
6.832517743493387030e-01 3.976437652224068531e-01 1.447672181852348583e-01 6.637248277204663149e-02
6.320248434284988504e-01 4.448646921608648275e-01 2.062301302246263290e-01 2.210220027241278223e-02
6.806532858072378289e-01 4.853361537043143215e-01 1.937613474274985093e-01 3.411791088787455989e-02
7.391634608555162078e-01 4.578839823298611611e-01 2.235453835581368287e-01 3.197075347573632986e-02
7.849572912654927404e-01 2.998603145512079293e-01 4.697395613239322559e-02 5.116822912522939193e-02
8.557070765873775464e-01 2.659996812848865466e-01 5.583949217396306369e-02 2.246044108549626397e-02
8.355645459179781298e-01 3.498561423250995950e-01 1.884031621313726756e-02 2.533439035137740811e-02
8.579368868915271396e-01 3.130825421741931791e-01 6.247540558917777376e-02 2.460249365390848944e-02
7.803961224398426877e-01 2.543966059044452388e-01 1.141856382702342992e-01 2.849323979079506838e-02
7.515866018753417643e-01 3.592068212633098834e-01 1.193467745474288549e-01 1.500650520578826821e-02
8.981508578362765727e-01 3.211878638292741672e-01 6.787378842678845267e-03 4.456425426329344713e-02
9.579728630725421468e-01 3.666093819100937345e-01 2.859973481623129254e-02 3.350974173102755360e-02
8.864352137838928947e-01 2.814415132959443011e-01 9.055656265585391995e-02 2.640615213272213060e-02
9.820633720858584770e-01 2.995705692747543392e-01 6.661913073080280578e-02 1.458288594672320360e-02
9.033630047818623776e-01 3.628868247169004246e-01 8.910625448829728734e-02 4.787673691306536250e-02
8.562896109443842718e-01 4.188537800886348306e-01 2.447093130075933196e-02 3.321363030201564259e-02
8.686478614415472643e-01 4.787200957637757215e-01 2.789909329341780028e-02 2.566416729772559926e-02
8.183706910398985679e-01 3.804093429349466593e-01 7.418521100872413343e-02 4.018521834365875595e-02
7.949380527497372784e-01 4.754525514218353455e-01 6.668582788553875651e-02 5.771128647550083368e-02
8.988912687565721038e-01 3.862474488680766038e-01 1.626164010972699567e-02 2.102968528343480623e-02
9.294815679540969766e-01 4.380759820951682926e-01 4.223023020716083764e-02 4.451672424287488050e-02
9.939960188418106579e-01 4.216778536354482410e-01 6.279372205566310927e-02 2.515527680842546965e-02
8.823265984586439181e-01 4.811898400716930202e-01 8.325764004293099985e-02 3.142375794096358144e-02
9.593939674774564219e-01 4.889197937829231067e-01 8.295598557397590445e-02 2.674241350315416030e-02
8.277477839046679664e-01 3.191019591440483749e-01 1.544074961593627782e-01 6.121585594631342997e-02
9.461841264182704325e-01 2.885181447984830894e-01 1.435373421392248383e-01 5.376243060804278967e-02
9.133711379804818620e-01 3.703201795435464017e-01 1.750513083233285749e-01 3.897491304059710893e-02
9.747929475098441321e-01 3.692225719952896279e-01 1.551753900450651702e-01 1.869157492828777897e-02
9.842399668888994757e-01 3.561515038719340054e-01 2.229707873684466934e-01 4.774393141026107151e-02
7.828521030471907727e-01 4.115028426559739216e-01 1.326006243997402967e-01 3.493164539256054385e-02
8.623838493857808318e-01 4.314721952889091772e-01 1.412455992508186986e-01 4.752806079088914976e-02
7.502298929904208658e-01 4.955116891051371542e-01 1.571299025026435536e-01 4.517721740243996892e-02
7.770071611821748325e-01 3.962598980022799533e-01 2.078107891898759163e-01 4.204672893338061435e-02
8.568943261444690318e-01 4.348046446350523064e-01 2.413477168766248182e-01 5.278548020385202821e-02
7.974171906553613187e-01 4.494132519685803406e-01 1.909509778583976525e-01 1.600349925441631529e-02
7.955944998611444996e-01 4.968067337361025126e-01 2.244624956970269480e-01 3.602527205306684660e-02
9.567136736311091516e-01 4.262075670942994110e-01 1.304149105674379250e-01 4.466184293876791084e-02
9.521482902706726037e-01 4.436038150959739079e-01 2.187736284274980902e-01 4.550929663450711815e-02
5.978970439205787413e-01 2.182740691781185141e-02 2.931431177386044085e-01 4.622526520488168950e-02
5.330179798061229768e-01 8.409964776319052426e-02 3.067932703394070648e-01 4.473766575559207787e-02
5.387401368639537225e-01 6.463722034735102685e-03 3.677586723521021339e-01 4.929135218222083920e-02
6.619169339264616703e-01 5.822875146694758697e-02 2.982760057145522059e-01 2.759894263911010642e-02
7.058775443574543118e-01 2.715791422747624792e-02 2.746851242222025924e-01 3.117660228012032048e-02
7.063089126228380144e-01 1.014972846669886242e-01 2.590318792141266258e-01 4.316614023516328336e-02
7.269504780300299895e-01 6.473370844530951240e-02 3.247012033963693756e-01 3.483673283284539207e-02
5.421277221599867246e-01 1.479041336163171294e-01 3.340360949783097166e-01 1.200789013735763938e-02
5.252066012652701898e-01 2.189624979526151038e-01 3.528475416196671932e-01 5.887691895220028421e-02
6.952890634253996449e-01 2.041201634983435542e-01 3.053030372128430758e-01 1.746083919460592743e-02
6.281207865055505879e-01 1.447926784305651471e-01 3.287888564988734053e-01 7.021058950833461432e-02
5.330749629950539692e-01 4.544790347526516533e-02 4.178144947202769854e-01 7.886458108752962201e-03
6.082579438803292771e-01 6.506236053022623755e-02 4.334911673210086747e-01 6.290337219790814727e-02
6.881326234469544723e-01 7.694019741247851152e-02 3.801055651868869290e-01 3.390645246357335690e-02
7.123035909733441695e-01 5.357876665680808004e-02 4.813202149928810791e-01 5.218803751729128582e-02
6.610999972174695927e-01 1.087261191180834835e-01 4.855701405890516797e-01 2.318557722249102795e-02
5.840745405478310337e-01 1.784320607517525525e-01 4.382668844657191531e-01 5.250293116364274787e-02
6.170206861500612261e-01 1.321147537678931672e-01 4.902063713798635036e-01 2.449376811798749040e-02
7.033990112603168976e-01 1.506889190282595659e-01 4.315050302620561662e-01 5.727810374393541709e-02
6.567459921238673060e-01 2.342283681196941636e-01 3.768485162047726100e-01 3.527818471640620929e-02
7.139330160529159253e-01 2.164272595407388811e-01 3.832369773472144026e-01 2.495531765347096254e-02
6.403509822184469957e-01 2.396274642666893495e-01 4.445077261354281606e-01 3.054273464737973162e-02
7.755978714466417179e-01 2.952021567284311351e-02 2.526545907306577132e-01 4.050884491343582222e-02
8.624546170086313523e-01 4.417426390920865809e-02 2.783836786065962410e-01 4.496600878730498685e-02
7.715117724263782506e-01 9.301751929517711182e-02 2.503008344603662172e-01 2.316419940696165872e-02
7.953284322204238199e-01 7.210387950743152308e-02 3.119449873296186171e-01 3.511121059736718730e-02
7.827440057758107139e-01 5.939447547560190808e-04 3.350065173922847639e-01 4.107255211066809103e-02
8.557739342127708149e-01 1.188008076211934522e-01 3.590496166986696935e-01 5.463074450023657630e-02
9.529130844049713556e-01 6.709631940112202597e-02 2.725439733465941927e-01 4.851700440179596702e-02
9.108732357717160832e-01 5.402726319691818213e-02 3.404529795274397475e-01 3.242090165680791558e-02
9.263344015967019951e-01 1.001361658470866361e-01 3.231584479517282116e-01 1.716662338966769979e-02
8.290950380611664672e-01 1.290927206283914719e-01 2.626757491602218497e-01 4.590540746564074348e-02
8.507277695433465015e-01 2.209107848747458580e-01 2.829947422906115562e-01 5.059410673509551898e-02
7.540770186998054792e-01 1.511675481956426537e-01 3.302292805688010757e-01 5.592278621268945843e-02
8.232906544809664995e-01 1.853481028699914268e-01 3.398560406280686230e-01 2.186991036860745988e-02
9.168371693746801832e-01 1.520281591000594290e-01 2.877012900583729160e-01 4.500173603670030303e-02
9.819747571719043000e-01 2.385025592530940763e-01 2.503768518039566349e-01 6.952527832660665430e-02
9.431397781747377085e-01 1.257957715721901015e-01 3.682062146877167486e-01 3.349881412811667181e-02
8.863381090875092072e-01 2.046181101930888424e-01 3.607699360299599367e-01 3.649429125749691777e-02
9.540479473064226168e-01 1.892509736655806907e-01 3.470032478024742684e-01 3.429104494246004720e-02
8.622025652194833523e-01 2.076953321547793309e-04 3.788463768522114528e-01 4.967874552046265546e-02
7.706141960354667697e-01 7.058279328064223646e-02 3.981815390318854120e-01 5.078034712192664585e-02
8.415456098462953394e-01 2.323755372438035104e-03 4.431211429421306747e-01 1.764832435806256913e-02
8.573683053715290825e-01 6.882625602556749489e-02 4.507173735629229072e-01 4.980831851966353169e-02
9.595372979762568644e-01 5.149920110733831324e-02 4.124493153952156210e-01 5.451938673645057021e-02
9.147912698826147215e-01 1.207774456712976674e-01 4.374934101960210597e-01 2.780867513399431362e-02
9.906688054324701564e-01 1.045120690689636533e-01 4.762222453116318754e-01 2.750595204104828995e-02
8.004086768914092653e-01 2.284622825504946109e-01 4.154349317869033831e-01 6.810180439437875377e-02
8.025109557538915306e-01 1.316985294852380250e-01 4.470369931761766780e-01 3.371681557644581884e-02
7.680710180285299504e-01 1.586994582605746051e-01 4.919906213249213289e-01 2.902364061131368703e-02
9.287149981063931303e-01 1.768565575971104142e-01 4.087227841300994924e-01 3.326386009506742542e-02
9.885797958463674595e-01 1.411856062661933642e-01 4.223039561692287780e-01 3.773588433567007933e-02
9.930167473956271751e-01 2.211251642259651484e-01 4.274161642145806739e-01 2.082732432336929784e-02
8.846484669962371150e-01 1.793243199857598447e-01 4.743961815941503679e-01 4.586468307285793133e-02
9.757398183576686534e-01 1.958329910703390797e-01 4.890909193018401768e-01 4.787449654974272606e-02
5.250504502531206930e-01 2.773078085009895721e-01 2.788616620629140175e-01 3.525759775592776646e-02
5.694846683338677940e-01 3.026187848936449099e-01 2.636956809434879423e-01 1.808144033320722988e-02
6.099989629793899359e-01 2.594763729273942277e-01 2.980616163976060884e-01 4.991123852046260023e-02
6.119558841295033025e-01 3.598334218256614703e-01 2.724298414739320662e-01 5.370718130429046749e-02
5.425776238708961419e-01 3.305925759090931337e-01 3.419052913430097873e-01 4.873895126120124377e-02
6.839052264050154983e-01 2.958302801532315396e-01 2.823839480911973232e-01 3.393524850174980262e-02
7.047073290358422115e-01 3.646487382194285032e-01 2.600283800537647738e-01 3.999372968286453445e-02
7.321428700958266811e-01 3.260691799360582732e-01 3.117745761865685084e-01 3.014054463663397299e-02
7.347214170435498737e-01 2.511043213935024165e-01 3.249124571693673413e-01 4.601251053772070082e-02
6.553843149423890235e-01 3.258249316767055093e-01 3.680030328176809862e-01 5.664351497744473524e-02
5.888401663594079460e-01 4.491608223993497351e-01 2.526245413336872803e-01 2.948277851491997933e-02
5.705719507472274410e-01 4.467799257161246818e-01 3.508981545005688263e-01 7.051702677030902144e-02
6.698519808454553859e-01 4.512885277587323496e-01 2.749368669535577903e-01 5.457757322135481370e-02
7.411154757604639931e-01 4.997003101299819505e-01 2.714450518037104243e-01 3.164885713595091271e-02
6.638607920191759160e-01 4.097813714655271222e-01 3.480622619838124043e-01 2.968255749724882375e-02
7.018283684334478689e-01 3.988995764047659764e-01 3.156588888301177787e-01 1.901519865832054443e-02
7.336701657927641174e-01 4.740648387896866378e-01 3.528406922492936526e-01 4.868239914765502135e-02
5.222316546062141240e-01 2.983598986310434520e-01 4.054394697611175546e-01 2.174028037015300618e-02
5.477858184903362515e-01 2.566617637556855569e-01 4.344557694132744619e-01 3.381799758189128757e-02
5.965866866198314966e-01 2.588036953951106667e-01 3.905079152779074581e-01 3.112738196044358488e-02
5.109265780407734603e-01 3.727506157380527929e-01 4.280941784353627377e-01 5.195291417891352570e-02
5.778489029980730107e-01 3.170632780310213561e-01 4.174851521609902472e-01 3.575378552555257688e-02
6.242776015968869441e-01 2.904225147749414093e-01 4.415223017129278893e-01 2.280154853999207670e-02
7.016048120040294656e-01 2.581323432825040620e-01 4.272354468540951467e-01 3.573349932926479094e-02
7.442764710175852061e-01 3.285976599504148998e-01 4.208746177493136176e-01 4.682371790254931387e-02
6.579796735118615958e-01 2.703765734827888179e-01 4.912559298670580166e-01 2.489807334025717980e-02
7.259079546220594814e-01 3.043595689733925025e-01 4.867139909267909625e-01 2.522258384016742155e-02
6.709301515970774732e-01 3.222937326096817490e-01 4.605403465432969523e-01 3.679922005580042038e-02
6.127618408012840412e-01 3.985898679499213504e-01 4.633098403826473866e-01 5.886116381151287880e-02
5.279748254000473651e-01 4.793051792370841557e-01 4.675896557015337129e-01 5.791466954730666028e-02
7.026123163679751649e-01 4.097322678443844901e-01 4.130116214689971144e-01 4.472353122741992010e-02
6.571592657937610493e-01 4.756852976325047222e-01 4.053005467576948906e-01 3.575188767764210518e-02
6.326553576504542198e-01 4.969930634915869505e-01 4.763582928463998556e-01 4.238040149613657437e-02
7.325012604746823364e-01 4.980146158737822626e-01 4.572382244135885787e-01 5.844308471120589210e-02
7.872125377489140874e-01 3.009128739408966080e-01 2.713846258473787687e-01 4.264146582519194595e-02
8.072068792748399169e-01 3.714916563138909722e-01 2.692326559259539120e-01 3.075339204538130727e-02
7.872374784595445041e-01 3.106767528309298809e-01 3.507573368909332467e-01 3.733937120537741267e-02
8.601127981420453317e-01 2.832018875607974495e-01 3.460597629757997673e-01 3.855760964860387163e-02
8.868033859481370129e-01 3.269556311976509755e-01 2.609218642914646336e-01 6.083519491805775697e-02
9.211323456554932898e-01 2.534358618192535384e-01 3.292302672277851450e-01 3.098400333653497998e-02
8.985648424144304647e-01 3.395333256686258738e-01 3.678079250588378035e-01 2.932166370376855860e-02
9.652591716534316690e-01 3.175839073973626969e-01 3.340824339526317077e-01 4.684953224094983576e-02
7.615598148085710450e-01 4.244633593969156515e-01 2.839873842386559932e-01 4.064245165362525419e-02
8.089139497148778446e-01 4.913946833214827836e-01 3.026131234504298440e-01 4.343966017208746727e-02
7.531617011145668172e-01 3.803979246284979743e-01 3.513196002636584936e-01 4.027336402175714369e-02
8.444320651231882469e-01 3.976110507942748895e-01 3.399207317371969461e-01 5.331044985513917756e-02
9.260032957698985934e-01 4.100464389522603947e-01 2.849154195604227668e-01 3.104052008059232648e-02
9.890633366018944939e-01 4.648961166462278749e-01 3.024779702179621887e-01 4.732169820048849618e-02
9.434192150081451844e-01 4.059641838457956897e-01 3.629726880199358741e-01 4.868059591226658878e-02
8.977596574606351298e-01 4.835056578915524206e-01 3.257472942500430624e-01 4.872521811649167117e-02
8.388601123099813650e-01 3.307176686826319156e-01 4.068409893964182178e-01 4.148067516244777903e-02
9.234655152233510744e-01 2.712200179968162206e-01 4.237870533810316198e-01 6.244116013921260921e-02
8.858071099626584344e-01 3.101991541111296380e-01 4.793218944038736828e-01 1.515812189978302423e-02
7.872415670272168153e-01 4.060861779338995059e-01 4.365271769918283584e-01 4.307681939532163884e-02
8.255643664857097441e-01 4.850160015942992509e-01 3.973726456259981665e-01 5.298518514601255336e-02
8.767340092738126200e-01 4.005502197798357922e-01 4.282693335623174447e-01 4.080671933088170916e-02
8.984478469441566917e-01 4.558176773223184819e-01 3.946951140022690874e-01 2.557900914524285224e-02
9.467630201319868766e-01 4.490464550650044573e-01 4.479054182494118796e-01 4.661516176853883892e-02
7.054676877041105021e-02 5.029592358071875990e-01 4.879024604430847595e-02 3.209777250802771376e-02
1.566486882171928482e-02 6.149766228039988958e-01 2.171666932405218187e-02 1.225785038421150358e-02
8.203921482345019611e-02 5.837332303230331476e-01 1.426568268279083951e-02 5.649691747937261865e-02
8.577668770881603788e-02 5.444141780915626727e-01 1.238080754984255544e-01 5.495660305765413117e-02
2.314681895071889900e-02 6.128665699426707469e-01 1.008219523932110673e-01 2.011567799997598938e-02
6.986895283513448740e-02 6.142411923978122745e-01 8.847969704978857208e-02 2.466720371663241526e-02
1.551528067074086359e-01 6.107098054236270723e-01 1.671410389923307441e-02 1.225840601872038582e-02
2.111387579163915562e-01 5.744348325169480463e-01 5.012197744664424227e-03 5.116404599708290063e-02
1.512713754817149314e-01 5.427458271985463600e-01 6.660679663449355081e-02 3.202301568761924122e-02
2.162728838076071192e-01 5.017757714180695050e-01 7.024003399210122789e-02 4.490420033662292226e-02
2.405334289935869563e-01 5.744468953798865796e-01 8.137664485517721868e-02 3.067007769299504027e-02
2.770410460856065349e-02 6.883870944706426132e-01 5.311780168801361751e-02 6.766903773399257638e-02
1.230074376739279107e-01 7.300634149912245130e-01 4.458265762564762175e-02 3.669924523743654105e-02
1.878835259418594750e-01 7.073517785512333234e-01 3.399692571623579018e-02 2.086888479504212662e-02
1.625762108621424673e-01 6.423496334995214552e-01 9.624483875226738649e-02 7.251862209138740245e-02
2.025031904315523906e-02 5.173090048784134698e-01 2.083458452182728737e-01 5.538903300554292447e-02
2.188003362246482980e-02 6.011843543470879458e-01 2.208755959797769897e-01 2.943339248752338891e-02
1.033997795296835026e-01 5.846546821999515364e-01 2.355933137128833899e-01 5.503841083771452564e-02
1.765283941736627560e-01 5.353076831337051367e-01 1.331684322700396883e-01 3.673078508947371507e-02
1.433314276082211236e-01 5.343404041658181836e-01 1.862650223970198082e-01 2.225141989336925502e-02
1.703556758554071460e-01 5.221567172315662031e-01 2.385200623853440949e-01 3.660101155648745608e-02
2.373806009916417104e-01 5.274836901658127575e-01 2.121386607679584257e-01 3.007097912933168887e-02
1.944139683711525179e-01 5.862848040331867239e-01 1.943608981678177638e-01 4.489854303670089142e-02
5.540914317410088746e-02 6.403044912409276979e-01 1.585207071250151756e-01 5.145836947612182632e-02
4.085060713353118322e-02 7.188528461219348964e-01 1.768090462656810580e-01 2.724844780681559206e-02
9.917423272022087011e-02 7.331772207428963739e-01 1.293180652084213178e-01 4.306051953215622730e-02
3.334024524299011860e-02 6.722316943069549522e-01 2.499032718246088358e-01 4.784028701356072416e-02
1.139049713414585635e-01 6.986729502363695499e-01 2.099684231277151591e-01 4.588892433315417546e-02
1.787300744911667905e-01 7.044860051618420105e-01 1.741211641491876849e-01 2.842382182764144338e-02
2.396814873080385933e-01 7.341150132522636929e-01 1.401031603590643659e-01 3.618211975980289291e-02
2.435804261185360309e-01 6.691674816792811953e-01 1.933636710200628273e-01 4.790187576560102356e-02
2.291008583860786874e-01 7.431133740364137541e-01 2.224564570607944214e-01 3.287085860466551490e-02
2.950900653517907757e-01 5.364388090971288214e-01 4.648788538506328644e-02 4.441876677143450497e-02
2.785281659768965579e-01 6.126505106855401062e-01 4.000225327626712873e-02 3.384293671652131852e-02
3.462788038465965945e-01 5.958102012651244062e-01 6.113246701445543274e-03 4.376028629796085978e-02
3.056058207961491746e-01 5.590377703862677850e-01 1.125079731154573492e-01 2.314923567884547007e-02
3.423911891649498718e-01 5.567471288999641388e-01 9.560625317113558008e-02 1.720108144672251316e-02
2.686538961440447237e-01 6.214271856609016043e-01 1.248816821904090851e-01 3.926638359131746914e-02
3.851079860041081715e-01 5.312451134158574506e-01 5.522018438775282839e-02 4.617362176123590567e-02
4.719467131360564616e-01 5.135556048157768894e-01 2.283758123393191120e-02 4.818025617087556833e-02
4.634983540853944706e-01 6.085261420320670078e-01 7.693781513657614590e-02 6.144713319488859932e-02
3.657514051486304707e-01 6.840311006278270156e-01 7.716898432780026039e-03 4.385090446586412810e-02
2.711004501888590879e-01 7.083171862889071635e-01 5.003383535617611511e-02 6.263692402534123960e-02
3.537907867159980069e-01 6.387570699044349265e-01 9.286330384446066233e-02 5.333131944775866551e-02
2.985857677249857400e-01 7.369351117278946095e-01 1.242825399138445530e-01 2.155412843134602019e-02
3.853792364327984776e-01 7.474653073981205598e-01 5.895277660013135967e-02 4.002142035174139495e-02
4.624645473278707897e-01 7.095672837470735628e-01 2.440031657693930711e-02 5.245166534145209031e-02
4.274806734823438648e-01 7.015487022066990708e-01 1.200217056916745989e-01 4.722240362987856904e-02
4.847607844480743000e-01 7.421660020705647121e-01 9.406510072715751347e-02 2.764351986158812904e-02
2.525604183096574751e-01 5.459697692993042972e-01 1.456163954291444240e-01 4.062605337833628122e-02
3.210642861235831758e-01 5.847513379017615920e-01 1.452977870401213623e-01 2.112149279993214696e-02
3.155981767310681030e-01 5.513339636506198183e-01 1.983289148640232646e-01 4.172274308279190491e-02
2.651360890857873964e-01 5.977576682386933626e-01 1.982115379692068469e-01 2.685754064876866992e-02
3.919234840438285961e-01 5.592046610828184106e-01 1.473848361481263636e-01 5.038549724274427044e-02
4.855620294344215604e-01 5.307564785527799645e-01 1.499687354703148623e-01 4.751960742672894228e-02
4.371012124299872292e-01 5.372207439349733216e-01 2.163867584035021885e-01 3.497356198969529123e-02
3.847795623977641744e-01 5.848335344621337084e-01 2.308774555799498474e-01 3.724432400891338618e-02
4.573264368573599636e-01 6.163291800853635261e-01 1.960597018172491879e-01 4.917355249680414875e-02
2.981661037386971747e-01 6.852381998720039613e-01 1.375344964690773109e-01 3.182142502966138486e-02
3.709192768289883979e-01 6.788108275017357141e-01 1.482820365057137268e-01 1.661059650422272785e-02
3.540430372407220583e-01 7.353864263645571997e-01 1.286789361989902902e-01 3.409936607885624693e-02
3.372040982161839118e-01 6.469670556024800234e-01 1.961883980610875655e-01 4.836395830699660725e-02
3.041373797173430038e-01 7.431670716741457516e-01 1.930499712598577888e-01 4.772245011367179379e-02
3.912592180917481288e-01 7.201189196735903186e-01 2.001735225649488303e-01 4.268360019648219372e-02
4.869002776323227422e-01 7.132327845703565483e-01 2.329120163470235205e-01 5.864414366008678658e-02
1.010320669357012563e-01 8.094032406614105613e-01 7.443099240664130534e-02 5.087202089733235816e-02
4.843194582061223497e-02 8.620480411044382230e-01 1.179242517415821645e-01 3.262672704419201930e-02
1.855509591914746015e-01 7.758970652220906761e-01 2.865960091740743770e-03 5.135147166458009504e-02
1.784656858971608029e-01 7.567561924301272613e-01 9.526622362986864045e-02 4.300417748047237476e-02
1.900921630297323084e-01 8.392338515477979488e-01 7.361326073498494771e-02 4.307111761406767769e-02
2.163090176842213663e-01 8.145411080076874200e-01 1.193941456411364010e-01 1.008878902776069210e-02
3.236451766751342884e-02 8.779852402603569583e-01 3.406566426891632221e-02 5.423905441484568740e-02
3.347424377984454386e-02 9.490816030862193609e-01 1.981677344430545981e-02 1.093678466843145229e-02
8.593645304905241089e-02 9.594641235398072565e-01 3.136434509484024857e-03 4.508389077210110674e-02
2.044333738258583347e-02 9.531541999346526683e-01 6.286270067817370522e-02 2.713678737555927020e-02
3.136493687281067394e-02 9.980072899475069814e-01 1.004013582395261034e-01 3.153899016652139675e-02
6.971635428222305864e-02 9.686166523936138306e-01 7.081999689344675719e-02 2.511644859261892224e-02
1.335037101851772601e-01 8.752724069977037002e-01 2.933963651037509428e-03 5.162252192514394517e-02
1.932739655681058877e-01 9.634940529661822906e-01 5.603143201873856533e-02 3.741486296208879764e-02
1.254193991924878460e-01 9.169222238616608900e-01 1.036440269298247036e-01 5.766542493254597779e-02
2.383416882147117166e-01 9.220462115334522313e-01 9.926812014839493659e-02 3.754198494866485547e-02
1.564555020050744857e-02 7.826376702490566162e-01 1.291151957084517854e-01 5.401377944031650336e-02
1.141743867349239994e-01 7.911501862984291478e-01 1.369824391123804497e-01 1.329053683348098598e-02
3.082755992326669317e-02 8.653692637617828032e-01 1.854337670988421005e-01 3.442244073278508815e-02
9.195036094173227037e-02 8.337068113396476354e-01 1.617672425965377414e-01 3.534658115232337111e-02
6.436596235381754350e-02 7.790506385797129063e-01 2.198490653410757056e-01 4.904596151032598883e-02
1.615499013374001314e-01 7.838876132135145225e-01 1.866222719188947998e-01 5.378829455230016432e-02
1.438798254433020785e-01 8.378398629924254104e-01 1.311203872737170539e-01 2.508143259914257309e-02
2.031283894096780340e-01 8.710419008109558936e-01 1.570701054162023658e-01 4.720760190553970753e-02
2.487570562615085967e-01 8.071347132301068816e-01 1.957763942886525388e-01 3.693852635959912756e-02
1.863454562659762614e-01 8.523230105553537550e-01 2.319206554640337592e-01 3.176241693244907793e-02
3.213992081112656413e-02 9.293686483845599033e-01 1.444224236847035936e-01 4.153707693990353611e-02
1.139022028487737398e-01 9.052465412357596497e-01 2.190221034919419274e-01 5.887886071710883573e-02
1.539482286901083102e-02 9.569760407840292027e-01 2.336413587342170417e-01 5.334722917510131834e-02
1.674981499868803680e-01 9.529782804009105934e-01 1.694044446961266714e-01 2.814504259774472383e-02
1.891359890290125467e-01 9.216908203594319504e-01 2.235088489847446569e-01 1.616836034840575531e-02
1.699254504852686920e-01 9.976519550814627602e-01 2.428251526014678641e-01 5.177513483760971813e-02
2.676070316861128839e-01 7.950857895096544725e-01 7.323416107775870820e-03 3.303935470965129600e-02
3.334272001693152077e-01 7.735689611335709870e-01 9.598784920379807920e-03 3.624966226765798799e-02
3.073694146536883887e-01 8.317258789841279754e-01 1.022129431510271497e-01 7.617430378726858242e-02
4.125386867363952659e-01 8.192891147183983813e-01 2.277336744538553670e-03 5.541802067671407206e-02
4.849352568707368527e-01 8.675136308643676131e-01 1.703770009088499335e-02 2.785904424039629262e-02
4.346771156957436877e-01 8.036256505330352518e-01 1.178596863744233031e-01 5.513518789553022853e-02
3.066423173490063769e-01 9.001980299378610217e-01 3.336378125081635587e-02 1.593250286475671185e-02
3.705928098668582749e-01 9.149423844895391289e-01 1.741001821694729626e-02 4.893924199167363348e-02
2.895497332310772443e-01 9.637022738158739221e-01 2.846698623819323218e-02 4.628930078262631642e-02
2.611526249374839792e-01 9.901338455466300870e-01 9.873703185416775330e-02 3.398361177678260042e-02
3.455741802149309705e-01 9.591498198284218457e-01 1.157799781707994219e-01 5.755239744606676505e-02
4.553959100178520680e-01 9.096384494951021971e-01 3.770936353373332411e-02 2.753242061398716162e-02
4.317347933083992007e-01 9.837725441119334890e-01 5.524052147254094464e-02 5.059667210240664098e-02
4.164585533912557591e-01 8.926624698571227201e-01 9.013379309449726096e-02 3.988688685750777646e-02
4.534847041898776299e-01 9.324620967984106334e-01 1.213185560261886425e-01 2.278750100527486208e-02
3.714487919279030881e-01 7.814172060426329836e-01 1.687310841209872236e-01 2.900276961377736343e-02
2.900561702533396846e-01 8.703319972942878957e-01 2.103644689854509142e-01 3.996294018404797366e-02
3.443701340564024882e-01 8.185957152865676045e-01 2.132269667156042880e-01 3.499391571452691724e-02
4.707704946423436621e-01 7.779389495315398584e-01 1.668750520540302484e-01 5.644499935669541717e-03
4.142637222108175310e-01 7.938586330721200124e-01 2.367514830982064833e-01 4.279086403636335467e-02
4.694526192555497079e-01 8.310893320849245258e-01 1.964078373284812440e-01 3.505456103064657353e-02
4.645403109442269862e-01 8.691276201868310958e-01 2.316297401028962477e-01 8.896370743334948081e-03
3.233186356441047349e-01 8.918189374721925411e-01 1.635341661096446630e-01 5.525666101265945540e-03
2.543397215167814696e-01 9.577310596491617201e-01 1.859598250581493140e-01 5.756248984180917239e-02
3.367798470758381901e-01 9.392911908239046648e-01 2.088939125269483055e-01 2.997254284628396090e-02
3.979660073865767256e-01 8.852227783859344390e-01 1.834627259041832215e-01 5.554874663007768054e-02
4.885282805146283214e-01 9.263431297904346495e-01 1.779206781466446119e-01 4.406795568322324080e-02
4.326933181975407550e-01 9.833709592992765369e-01 1.490348333069213549e-01 3.879565345496965856e-02
3.884954012915002863e-01 9.605600024147782356e-01 2.018929600631627352e-01 2.258617216082164578e-02
4.445758163180668632e-01 9.737980667381421762e-01 2.184347108398184967e-01 3.226513762249411804e-02
1.147749732315969384e-01 5.431625204432490861e-01 3.722055255922958050e-01 5.586572943747318554e-02
8.953178986492343547e-03 5.788517661671777059e-01 3.160189514258220922e-01 6.915075365611364488e-02
1.361820320598618461e-01 5.328679200986653486e-01 2.923474539734501332e-01 2.745026418091453882e-02
2.312473744824220800e-01 5.042912698919304049e-01 2.625727574145004239e-01 1.764470154187773587e-02
1.617681460053104203e-01 5.883538367025021865e-01 3.017169040297124072e-01 3.324761746423249981e-02
1.930412943423258088e-01 5.476461043488034530e-01 3.380459922097694969e-01 2.964831507836314731e-02
2.481970974063374413e-01 5.786815203245132544e-01 3.701476153040973993e-01 1.943240216816574314e-02
1.086762101694982718e-01 6.514675462158754371e-01 2.670382745548284253e-01 1.067467932899852229e-02
8.479500391967111084e-02 6.447463671488736781e-01 2.973856421208742606e-01 2.606239741356371903e-02
2.134002667584813245e-02 7.443434814886206174e-01 2.738145866590114275e-01 2.072666244986022879e-02
9.704662833667906940e-02 7.292073325593526611e-01 3.013419894841829483e-01 5.192113495664299472e-02
7.626281194128828322e-02 7.137849546991933414e-01 3.699318462008495678e-01 2.139000158549244496e-02
1.767596574009927535e-01 6.502043636896485124e-01 2.555819297055639816e-01 4.535620217468789434e-02
1.931204630656183641e-01 7.276933564174725699e-01 2.974828123442045946e-01 4.424692874693370026e-02
1.411338949885561356e-01 6.529445050636035752e-01 3.361968093841000704e-01 4.282863839980183968e-02
2.239818758803014953e-01 6.591331581434648479e-01 3.360545256312182372e-01 4.025317383560286788e-02
5.522760167426906536e-02 5.549914790387404651e-01 4.283218444254392465e-01 2.140848536896540130e-02
3.706831429522831640e-03 5.145662271931249476e-01 4.706228084732366757e-01 3.058218794726075968e-02
7.683270106818544665e-02 5.045166468840442953e-01 4.635645160035486989e-01 3.800092322197892725e-02
7.219912422147600761e-02 5.835169157776295412e-01 4.848179161083019939e-01 4.393964666253523388e-02
2.293396229449834178e-01 5.206965910434717681e-01 4.039667088606868073e-01 5.029269008261472163e-02
1.888637536979003162e-01 6.102306184538345279e-01 4.006263878267993794e-01 4.803376072393911178e-02
1.562243220926736453e-01 5.490907580651510633e-01 4.677526785636719753e-01 4.845468391146046799e-02
2.817937449681669204e-02 6.873590241301913428e-01 4.262908551921371081e-01 1.987772720896846881e-02
7.342583303212833756e-02 6.389409583697983619e-01 4.001486142525965684e-01 5.136242544545630700e-02
1.246478184982901666e-01 7.047925699062217442e-01 3.918350812837992914e-01 3.247973359270844157e-02
6.558982568827087523e-02 7.410039866946568354e-01 4.302537790561353215e-01 4.564429364734397254e-02
5.832902225459275086e-02 6.737672595995827241e-01 4.796242647752494981e-01 3.671316739654171407e-02
5.039345890072084722e-02 7.313956313653009467e-01 4.977683749750608233e-01 2.422400718507578682e-02
1.781866617883063331e-01 6.847087019341498992e-01 4.114824558058963744e-01 2.798607379248903640e-02
2.322620187355493027e-01 7.368002239717154067e-01 3.846571964935439625e-01 5.174742855935874492e-02
1.391790010593437210e-01 6.467155918720283170e-01 4.751188393627018280e-01 4.866198477140381423e-02
2.318332411133211812e-01 6.691452712021405125e-01 4.600560923525033874e-01 4.604017065385889590e-02
1.508410118719484549e-01 7.361259648213958062e-01 4.559349807946425637e-01 4.352490977830715535e-02
2.200633264183056159e-01 7.405697504661026276e-01 4.664029588662788606e-01 2.662634636344184125e-02
2.752821703334303871e-01 5.037676986233005083e-01 2.723978747519226751e-01 2.356573986160831816e-02
2.509218340182886586e-01 5.817263490063242504e-01 2.808874376893940039e-01 5.855041671327635561e-02
3.475225711312799337e-01 6.157191492889767526e-01 2.976464458933732460e-01 4.522382769172143824e-02
2.636630871305221668e-01 5.067425907487946857e-01 3.296677006539078247e-01 2.697586970999610312e-02
3.165321365395168951e-01 5.530991902061417331e-01 3.638428153905354234e-01 5.102893772260534699e-02
3.731363730710009485e-01 6.202478416695096364e-01 3.654379654410748746e-01 2.739020748933573834e-02
4.646828322075234330e-01 5.489297164156756725e-01 2.870579546556755735e-01 4.179878779518384629e-02
4.130513093764781041e-01 5.537477692839398724e-01 3.575340175544363674e-01 4.570413682581182108e-02
2.856196861109754903e-01 6.818164589417129440e-01 2.779730950665442180e-01 4.742554839757514434e-02
3.497727920419020364e-01 7.431682982757935596e-01 2.699516195605186630e-01 4.170553348694382156e-02
3.506440306975637800e-01 6.886839443169303632e-01 3.065556006328785110e-01 2.393898721648270167e-02
3.251163305397036241e-01 6.674250844073881250e-01 3.616255779275301396e-01 4.003609749844485449e-02
2.836238183495089493e-01 7.078718437645200590e-01 3.415292457064919018e-01 2.129607983835730273e-02
3.785410703370628016e-01 6.756961406280601601e-01 2.593547456533008555e-01 3.240798233894334746e-02
4.373123263995856158e-01 6.328320467903352231e-01 2.899405181646553809e-01 4.650670018115963394e-02
4.164635761695333893e-01 7.211595025532157033e-01 2.871208425828391531e-01 3.059375986205218126e-02
3.971488004978704356e-01 6.941552874743657231e-01 3.472852762615741273e-01 3.812616502411390884e-02
4.912893424861714542e-01 6.932566632053278610e-01 3.364610081301419586e-01 4.692473431480539275e-02
4.417287226462641714e-01 7.343423387106855493e-01 3.737356593498112334e-01 2.746853182105678595e-02
3.573594991305364954e-01 5.041940946300210724e-01 4.196934879773038252e-01 2.654326290925945742e-02
2.730650058635567534e-01 6.224582698127412161e-01 3.966304874637617828e-01 3.714847365792853240e-02
3.442373180537405819e-01 5.189883874677972964e-01 4.755487644783092938e-01 3.228576919222617830e-02
2.789141455274661840e-01 5.757376537469477418e-01 4.641166798260649706e-01 4.514301526843571277e-02
3.737222798905895926e-01 5.931995285972521126e-01 4.419623243526142886e-01 5.377896599703266972e-02
4.909946064624600148e-01 5.690412192448982553e-01 4.005213085724934619e-01 4.071670782143741590e-02
4.347365253116395323e-01 5.142448841378145508e-01 4.375165294971981589e-01 4.610552549986044607e-02
4.716111747506044338e-01 6.233696621191729959e-01 4.764516980109971822e-01 5.431683270314183187e-02
2.999831971744603143e-01 7.003937365895746003e-01 4.233824443679045091e-01 3.434541215068531023e-02
3.106893850829304249e-01 6.499267247911693079e-01 4.709970789197231444e-01 3.586178273652290693e-02
4.404278708908116458e-01 6.348895434020517259e-01 3.840009164051003676e-01 4.393595363920366204e-02
4.856567798337410036e-01 6.880057839327329283e-01 4.182564685870251986e-01 3.378596545885164532e-02
3.946852059059333673e-01 7.096884307113690005e-01 4.481863422791406704e-01 6.399414604620792812e-02
3.643523227717368473e-02 8.057139436956969325e-01 3.064291863981692399e-01 4.576738124874219632e-02
6.601252335652069148e-02 7.691209257922683173e-01 3.626677982429103997e-01 2.755910611081608536e-02
8.810779903382966183e-02 8.550977693387570300e-01 3.234620480040217294e-01 2.729760486698146887e-02
1.387614380225518640e-01 7.502198960079884404e-01 2.502324317846730817e-01 1.427521243094452032e-02
2.101344644604797307e-01 7.964365502349403103e-01 2.608173107631715504e-01 3.550168974896989599e-02
1.312529817959009470e-01 8.181508030438301438e-01 2.760745907590286818e-01 4.668414668198524187e-02
2.430130814887086765e-01 8.628482658307821129e-01 2.743877435663173991e-01 3.983717460185326464e-02
1.844323232784122746e-01 8.563227846898667783e-01 3.351340439648178293e-01 4.149009798623050360e-02
2.498544382432257294e-01 8.135925476265374323e-01 3.417940314021227222e-01 3.572973220679189627e-02
4.374036300240525393e-02 8.875776510164538058e-01 2.870104480924528523e-01 3.867672429218260710e-02
1.575186166156232817e-02 9.573672723033467280e-01 3.208500654023611620e-01 3.386331842966480710e-02
1.177818856101383871e-01 9.468138875985049330e-01 3.418328915569168736e-01 7.083711627752770079e-02
1.857827815894185219e-01 9.068888237234346006e-01 2.752287863854569472e-01 3.238497154665154892e-02
2.233597850423907072e-01 9.428360063500015320e-01 2.581140959628949183e-01 2.236258326673444541e-02
2.451561614444388026e-01 9.884696928421655704e-01 2.827045742913896764e-01 3.387188970658366882e-02
2.336834601136400791e-01 9.191427897578076101e-01 3.288353712343063395e-01 3.859220952072155847e-02
2.287691582924682165e-01 9.975262912911162516e-01 3.604056744349137253e-01 4.605929249569448020e-02
5.055319351786434490e-02 8.486937198775028612e-01 4.076196259075167139e-01 6.508836561176009616e-02
6.377708471164139983e-03 7.604266631547883515e-01 4.974933725633110537e-01 2.850648205253863629e-02
1.029643639464435656e-01 7.969191666859730683e-01 4.783467640455962844e-01 3.703851027550515013e-02
4.358873792698291644e-02 8.168005927171686498e-01 4.983958640471042312e-01 2.871032089325278869e-02
1.419101283984125217e-01 7.847739960048248919e-01 3.754119267348617894e-01 5.097700998715322396e-02
1.441761824749781262e-01 8.641442602672630979e-01 3.945444640554925941e-01 3.070105313284061249e-02
2.134618300527032220e-01 8.295370938524376792e-01 4.044219196851597253e-01 3.827045412370914945e-02
1.613498673286858365e-01 8.462346907281942388e-01 4.619486474536301790e-01 4.112797222521662882e-02
1.221447771733471382e-01 9.049668313477751136e-01 4.315236221954619755e-01 2.743628397113118816e-02
8.651091816218568504e-04 9.579484747469323436e-01 4.041848877680196406e-01 4.808884087368996835e-02
8.430648434329807150e-02 9.699522501332069613e-01 4.572206191474407766e-01 5.151715800484143321e-02
1.991575601244674476e-01 9.056025015256652377e-01 4.022798895072505765e-01 3.859570370519815885e-02
1.767429675727863470e-01 9.764023566747274119e-01 4.331691869514343041e-01 4.183754376895130328e-02
1.663646335862759007e-01 9.119369701207860057e-01 4.556719786541338357e-01 2.326585406840109976e-02
2.216721306268102376e-01 8.953825104228261278e-01 4.920114465762977507e-01 4.228906127865639242e-02
2.894544601964234021e-01 8.031921908979353653e-01 2.580044456536066400e-01 3.752106918041347300e-02
2.656507403208430707e-01 7.556341143793526838e-01 3.056960573779589629e-01 3.391608629184791890e-02
3.618357186136770820e-01 8.198369215534206944e-01 2.952029122301635944e-01 3.991559824415887026e-02
3.325543582576775958e-01 7.609965590076923636e-01 3.622178836134616331e-01 5.383494998836706874e-02
3.015522370053366208e-01 8.560309746360178496e-01 3.198377413162625249e-01 3.459583822422318544e-02
2.525896314645997842e-01 8.692948104028875855e-01 3.694987842679396395e-01 2.653721552460219790e-02
3.609390311609542712e-01 8.657677712201766740e-01 3.377719106123496240e-01 2.186567892713640535e-02
4.329238310598221839e-01 8.721593332273328558e-01 2.816569604485116840e-01 4.938650261436195593e-02
4.357831384544755826e-01 7.861152366454799978e-01 3.222984670575105848e-01 4.576118204838097725e-02
4.826964475889671258e-01 8.477466176201464698e-01 3.450051684721867629e-01 3.479675583553619445e-02
2.774208486060107393e-01 9.290164980434942876e-01 2.706917822924517214e-01 3.483705083137954295e-02
3.458136012362100220e-01 8.944249809720535849e-01 2.653800905370033991e-01 4.199950418409706399e-02
3.085118585204669750e-01 9.883742728407896028e-01 2.622704208198560760e-01 3.269793632382098081e-02
3.267224759211929674e-01 9.406891384754508811e-01 3.546350360109317146e-01 6.033591713249937538e-02
3.860391666851640813e-01 9.733640692285909779e-01 2.715984646045511153e-01 4.681908828442628290e-02
4.433224579934999521e-01 9.486733190891040168e-01 3.530736440482406535e-01 5.579523570227948315e-02
3.069605218660558243e-01 8.493130743972426844e-01 3.862775032698194666e-01 3.240749319300380987e-02
2.884079586801342465e-01 7.973940758672330986e-01 4.632912305395547325e-01 6.231130951969003628e-02
4.060366466810619301e-01 8.457747032467443082e-01 4.195918932474191343e-01 7.218272878722195585e-02
4.565875098930014531e-01 7.734239508699489729e-01 4.626643697397163080e-01 2.602896935426400257e-02
2.502259620710524657e-01 9.230368169862607219e-01 3.791953678571092223e-01 1.021369208065010109e-02
2.675077156113868093e-01 8.875657636173805987e-01 4.281678473640987415e-01 3.669397714404683958e-02
2.961743380095312461e-01 8.859256048538600714e-01 4.978254701930880377e-01 3.303884637520050627e-02
3.292953347558863486e-01 9.104230450259701568e-01 4.475298818966841896e-01 3.197945483388698468e-02
2.747147552951813565e-01 9.822068850106134841e-01 4.527837101714405899e-01 5.825310520489415667e-02
4.524206089368459915e-01 9.259245667221908116e-01 4.253554715873973935e-01 2.051501442809832224e-02
4.740135597125112454e-01 9.988924189623412664e-01 4.277524352908745331e-01 3.928819756634063798e-02
4.317951409351343806e-01 9.175740805868445316e-01 4.954723976574814670e-01 3.541144861413314526e-02
3.890615636462544380e-01 9.627216853922502260e-01 4.401781284501579128e-01 4.778668706266087085e-02
4.651504449081728665e-01 9.468768559723020894e-01 4.594917061584627982e-01 2.148628808721185154e-02
4.434239266621057274e-01 9.948459653574414085e-01 4.996934262297145213e-01 3.899210195304723264e-02
5.781654760483955213e-01 5.341475643236399673e-01 1.328342533681286727e-02 1.207691257501864596e-02
5.128804448453340159e-01 5.683511376110560454e-01 2.568921975432715554e-02 2.027867678435504861e-02
5.230822622807258515e-01 6.103911814401830060e-01 1.139837978033476354e-03 2.946498670272074474e-02
5.960586640134989400e-01 5.763631519912904011e-01 7.469475898886219524e-03 3.330488318258366387e-02
5.583222473324108703e-01 5.414035521020281738e-01 7.893098609646564956e-02 5.472877194519071287e-02
7.010836095941724855e-01 5.012547227570474107e-01 5.512921031363638563e-02 4.032305617770528400e-02
6.517685261745626013e-01 5.700303425086929998e-01 6.148826217547356809e-02 4.455219805521973275e-02
7.481410792594316295e-01 5.927553514852996752e-01 8.334991851223083267e-03 6.783239343922511932e-02
7.329141817931038583e-01 5.493810346397128841e-01 1.003115271915896861e-01 3.133931991206662798e-02
5.562306900918466690e-01 6.288659015712425582e-01 5.458269014784870171e-02 3.608713075984743002e-02
5.119953834274042492e-01 6.627230560305277240e-01 4.366044815298560783e-02 1.775370617241404242e-02
6.123981200792617541e-01 6.312695325727422091e-01 1.105493491500068454e-01 4.324499459230383980e-02
5.599139894230630299e-01 7.177185863235686636e-01 6.506977077854377012e-02 5.346325608070544994e-02
6.332257409681406601e-01 6.558301104404539172e-01 2.061522102435014644e-02 5.228235585287062392e-02
7.201014709002012681e-01 6.984273709566060084e-01 4.501290377867766396e-02 4.751021195366927907e-02
7.054860205333951528e-01 6.294669629868788752e-01 1.122007198194340111e-01 4.987637164596978728e-02
6.516596524367203047e-01 7.158657247899667952e-01 1.110636385403944437e-01 4.919599937016994051e-02
5.374127370360680667e-01 5.988491813917757867e-01 1.487515439425939334e-01 3.807753090938733459e-02
5.003530984664437131e-01 5.494815279695508536e-01 2.241617250583959886e-01 2.977959876842867920e-02
5.351372634955950947e-01 5.446004505599454371e-01 2.421148183103020157e-01 7.852903824830267943e-03
5.888430900442344074e-01 5.215454552612713846e-01 1.925544780289515367e-01 6.458958632283469392e-02
6.868349308666991115e-01 5.554388929191962365e-01 1.639084520692881408e-01 4.233096340153269521e-02
6.309278008726127984e-01 5.677207194934996703e-01 1.280360837869617407e-01 2.522142450988546988e-02
6.683916804888321295e-01 5.254209649903408552e-01 2.392240867598325327e-01 2.772176437025906937e-02
7.418972172952794653e-01 5.411399102881132572e-01 2.209246844859329151e-01 3.369872812542598628e-02
6.709644554509959224e-01 6.231542934641125520e-01 1.900935467596165385e-01 3.200030420147047944e-02
7.202015274035562520e-01 6.058103835866835984e-01 2.359157725549855811e-01 3.614413929641770162e-02
5.130844181298253037e-01 6.769405955522040941e-01 1.403768692902886972e-01 4.414935689340156871e-02
5.272308346094922715e-01 6.360795276694672928e-01 1.967003353406615584e-01 2.347916692714394071e-02
5.988022846738433325e-01 6.808890868781546368e-01 2.013153544579540655e-01 6.109768936786521415e-02
6.848697718854116490e-01 6.805370866826379039e-01 1.730013658296760404e-01 2.948362916846691134e-02
6.870439807473284199e-01 7.496139275362537768e-01 1.788310150230164319e-01 3.437339886394446403e-02
8.260683938514611357e-01 5.480520803023880561e-01 4.101760464351406760e-02 2.258050096821383884e-02
8.668674087476501144e-01 6.108670225083226990e-01 1.209178934472390256e-02 5.020529232111450857e-02
8.552993380855438144e-01 5.418371814332458847e-01 9.224824190154920500e-02 3.558493083811703483e-02
8.102519090499442633e-01 5.785795893375660359e-01 7.566284685474673755e-02 2.487223591960987384e-02
7.796662432196780346e-01 6.120422416540283184e-01 1.011640359587985816e-01 2.711802101711439233e-02
8.538670578151108526e-01 6.081125979911432555e-01 9.125689529096459029e-02 3.006800890652326988e-02
9.246528606018658003e-01 5.279137294001218228e-01 1.044517598467771188e-02 5.090471161246749865e-02
9.608163536598546273e-01 6.139791047601134144e-01 3.403473037152059816e-02 3.419383297265405491e-02
9.976910761164763386e-01 5.517092927126401314e-01 7.196750889693569186e-02 4.751451854785144341e-02
9.156969835335911911e-01 5.820136729664858732e-01 8.032987611273972872e-02 3.793248366021931967e-02
7.854057905570447362e-01 7.419871251732211848e-01 5.867784031702600461e-02 3.180913462239206430e-02
8.600581192869559688e-01 7.039543304961300985e-01 6.423992411361473427e-03 4.330278499984883955e-02
8.083385125950628414e-01 6.696154743669858744e-01 6.903513515451675797e-02 4.475301899632882358e-02
8.391403447570575658e-01 7.360044235860286888e-01 1.046008733083989700e-01 3.432505318849921744e-02
9.085737864687839505e-01 6.769331178993980291e-01 9.096174378149733675e-02 5.785327613337728353e-02
7.970691877497346756e-01 5.575174056199841965e-01 1.318322025818730592e-01 3.655391570802774687e-02
8.273254349757289683e-01 5.012329745723747010e-01 1.570524182158188342e-01 3.212825260218647727e-02
7.560681337806817170e-01 5.992097280801399473e-01 1.741200158567778877e-01 3.561292001689556758e-02
8.368315032156220523e-01 5.623533252843252450e-01 2.023166105766860401e-01 4.451971598453040302e-02
7.769799703548666558e-01 5.775008973613815488e-01 2.333315828398314917e-01 1.764987955348862325e-02
9.228243180042922100e-01 5.198254753460868072e-01 1.519698821673507727e-01 5.721232360411067364e-02
8.947976084883620951e-01 6.114803186218501496e-01 1.714616037645884383e-01 3.749020380321941431e-02
9.682495573772701425e-01 6.087144193505570344e-01 1.368705106986486397e-01 4.374842886014342763e-02
8.973926763525934547e-01 5.223697790508414762e-01 2.458716515490440291e-01 4.012116903113296246e-02
9.520192550644109852e-01 5.858609527162577102e-01 2.204740329851991310e-01 4.209180855556390877e-02
7.873135274737210754e-01 6.549925838209470497e-01 1.270247756685830842e-01 4.143889233907272450e-03
8.222477786136180855e-01 6.269613599510334145e-01 1.504261347043951147e-01 3.962125743570945463e-02
7.667678972065916643e-01 7.078294716049947644e-01 1.555885138649086286e-01 5.859065849502319984e-02
7.979823396221020770e-01 6.414490716322985842e-01 2.348638420547404793e-01 4.942266556473595696e-02
8.076342365129405287e-01 7.471075233159734097e-01 2.388500649693036659e-01 4.213426543059257956e-02
8.738564997028500647e-01 6.961813915779072603e-01 1.940801026328023704e-01 5.264569341806946828e-02
9.832835233111225648e-01 6.911328283905049386e-01 1.482707303011566724e-01 3.738217261143423481e-02
9.810625147349056885e-01 6.474823057729589548e-01 1.988456185604942084e-01 2.926503567136022610e-02
9.742304000913653006e-01 7.445576486887393042e-01 2.138002720540160273e-01 4.766202101732833901e-02
5.049303196059579113e-01 7.995218587121105669e-01 4.310749689930441081e-02 4.753093071852403095e-02
5.597824884903175313e-01 8.711805703591957162e-01 1.499189596109116833e-02 4.699317719367816781e-02
5.095827826134089467e-01 8.744587542964471494e-01 1.036659121664084970e-01 4.893311391334340815e-02
5.906813584769377012e-01 8.157250108829361412e-01 9.095575547083531442e-02 5.200552029506882307e-02
6.458939170374156102e-01 7.615795058738226153e-01 1.966414969913175825e-02 5.317714780583659290e-02
7.389078685955592363e-01 7.728792953576049118e-01 7.928567319413371700e-04 4.110913617243564661e-02
6.576282227794738588e-01 8.077998524547731485e-01 7.234172904385366420e-02 1.787876584195192964e-02
6.577851457465168084e-01 7.853583904605075938e-01 1.216663898859724618e-01 1.465066888364622774e-02
7.218644627545216519e-01 7.867396524639269639e-01 9.171340295985500046e-02 5.242831569230331501e-02
5.771538085485397040e-01 9.372943450782648123e-01 5.590325310587104801e-03 2.020996028765246685e-02
5.114056742883268392e-01 9.500514715562426993e-01 1.329600649220578912e-02 4.554987444701678878e-02
5.056014809707481961e-01 9.635842811045363110e-01 1.041858712084759581e-01 4.028905555680270534e-02
5.777873969076520178e-01 9.376735009356652606e-01 7.244897561190206947e-02 4.271788264096509913e-02
6.743055970609085348e-01 8.835777549802252828e-01 5.420413646452489770e-02 6.180434816449879853e-02
5.259380562427903305e-01 7.693486810086253014e-01 1.512313049050348357e-01 4.788493486197657051e-02
6.080804201598878356e-01 7.675015412695094241e-01 1.610798364993272780e-01 3.486962535492157955e-02
5.821593820857515755e-01 8.105077216745990576e-01 1.571075926732556916e-01 1.187575096651695417e-02
5.533987978662040508e-01 8.563267864109902483e-01 1.935061991865924536e-01 5.265583459666010879e-02
6.665682408104682821e-01 8.444161928028941499e-01 1.746055956091981942e-01 6.271019125040533382e-02
7.447126357795935681e-01 7.983329976646043047e-01 2.236432031224223904e-01 4.041582049266864013e-02
5.957116521508317719e-01 8.896427798808546061e-01 1.288091592950732223e-01 2.970756277514906979e-02
6.216819483524844703e-01 9.555606792788422510e-01 1.373574937622985548e-01 3.765939698183910084e-02
6.119942826536406422e-01 9.039723028698225527e-01 2.162842747352871908e-01 1.211421578931155124e-02
5.736107360949647127e-01 9.597128168652110380e-01 2.167122948026476703e-01 5.521670240459377460e-02
7.137000577270543600e-01 9.480204105067423503e-01 1.447846540381935165e-01 5.497082349736438084e-02
7.452076891550430959e-01 8.889476610375700583e-01 2.334646488367838890e-01 4.374786250155212469e-02
8.258388433323814448e-01 7.879473376526873185e-01 7.945648376490595244e-03 4.741444627639836151e-02
7.654167801131827042e-01 8.437851325335236075e-01 3.543406884910359905e-02 3.877812442139522836e-02
8.745471250596835722e-01 8.196831975339887721e-01 6.164756654949924558e-02 3.173208225640914565e-02
8.144033690716723228e-01 7.931162773464691673e-01 8.521067543475104034e-02 3.086536239802403422e-02
7.572969772570526947e-01 8.697955130288826942e-01 1.124720746688380457e-01 4.024404959942647075e-02
8.229641128603902844e-01 8.576654476698458707e-01 7.874241801685472053e-02 3.457030938100880135e-02
9.171964030294180725e-01 7.925988756882839104e-01 9.543408878617374788e-03 4.025797358432069151e-02
8.841630913501192790e-01 7.575509860582068100e-01 6.224515272771389413e-02 3.114622517868417470e-02
9.863691534233299807e-01 7.709221777475330217e-01 1.777700995704794076e-02 3.117295584466303615e-02
9.919660869687956239e-01 8.106692108040789435e-01 5.819895240435801753e-02 2.550234553261762974e-02
9.475900333175252266e-01 8.532961449790669173e-01 4.033225216361877030e-02 3.428477740774174554e-02
9.529405872374718811e-01 7.559345480250008187e-01 7.243661337894934105e-02 3.462850675728042921e-02
9.693826954037475518e-01 8.715454025672556559e-01 1.164857945059872973e-01 4.700602982975275734e-02
7.886034314060661465e-01 9.515328424395883555e-01 4.273291886092129427e-02 7.167845981841998448e-02
9.583473874203829457e-01 9.165766864457800533e-01 4.737341311753608813e-02 3.028864967875693689e-02
9.073063828960524768e-01 9.782449188249698890e-01 4.054714919603317341e-02 5.001878781871161445e-02
9.859648118354373825e-01 9.954876216582101423e-01 4.412100978769847165e-02 3.058910608054739300e-02
8.931343753869986912e-01 8.811555829097172943e-01 8.443274491042672414e-02 3.589839594717460919e-02
9.677380541019613425e-01 9.580129370559736790e-01 1.038370583604474040e-01 3.979991550167560205e-02
7.897687073573506078e-01 7.994877756427066773e-01 1.473357591216732931e-01 3.627094038742911808e-02
8.299210097773167538e-01 7.608192792045884723e-01 1.756623227813025601e-01 2.625827511118590876e-02
7.572878968469993755e-01 8.466111452175892893e-01 1.767263079183020724e-01 2.806893100050766518e-02
8.306460267651429863e-01 8.450293579937235844e-01 2.140498147807644025e-01 5.426183036311626323e-02
9.033473604568325044e-01 7.922766492377003589e-01 1.439561332398105742e-01 5.968660784601363678e-02
8.752158370144362820e-01 7.735294014893961956e-01 2.283108134859229421e-01 3.119094540483277958e-02
9.488305912201441261e-01 8.531065848695332798e-01 2.489527437939697552e-01 6.923435418172113609e-02
7.773517629959753039e-01 9.199901177770258842e-01 1.460018693480249485e-01 8.257296724271731905e-03
8.254215829425859408e-01 8.990479162715951933e-01 1.388711682250879098e-01 3.846481338637929015e-02
8.095536700950897169e-01 9.762056816835630313e-01 1.844005234653878222e-01 5.252025373631794003e-02
7.558457077525189138e-01 9.634329251189545085e-01 2.443370703475259142e-01 2.896732526157721338e-02
8.540752810877618728e-01 9.888883310189325870e-01 2.416248538807232726e-01 1.975724893355332995e-02
9.022009805698730789e-01 8.815130951699059469e-01 1.527614093410503415e-01 2.999257531874032975e-02
9.508775547386788540e-01 9.304410467309746080e-01 1.748047408749443532e-01 3.792497404008578210e-02
8.889893966489069710e-01 9.478590201079276634e-01 1.261896116044092797e-01 4.268883688060889914e-02
8.804325680572803181e-01 9.224109643302527139e-01 2.030820922516936855e-01 3.840971177266717940e-02
9.323456875938824773e-01 9.387266534841728349e-01 2.282041283705857349e-01 1.884312295378268859e-02
5.883104623507749986e-01 5.368305842369761605e-01 2.936386032253662237e-01 3.764790997972105452e-02
5.373622066237332406e-01 6.105096750346500345e-01 2.701555751837302899e-01 5.495841681698500347e-02
5.267876016178695275e-01 5.441513659180516882e-01 3.358179313466694849e-01 3.730615258681664603e-02
5.757419349304865319e-01 5.563924613825502741e-01 3.430337470788602516e-01 1.329186160313256850e-02
6.000273153847652807e-01 5.972765971772084903e-01 3.318690029637429428e-01 3.398437292760787126e-02
7.025605815600789450e-01 5.508836313797306206e-01 2.831842456064523339e-01 3.350443886956265549e-02
6.393807290893873674e-01 5.973726745121814563e-01 2.594462183251752818e-01 4.845943539713814391e-02
7.216741984585849368e-01 5.954999453069187432e-01 2.861120611085187782e-01 1.512221093349098294e-02
6.555002744568999562e-01 5.249623476959420776e-01 3.409055306539629515e-01 4.535797993739789508e-02
6.956835141327870620e-01 6.200493443279223582e-01 3.502463421284989220e-01 5.830488894844303854e-02
5.387537360020289157e-01 6.249900591889613333e-01 3.649866841732304912e-01 4.098537500607660200e-02
6.022060094932274454e-01 6.879611437013800623e-01 3.196868411234399798e-01 5.754547523932621034e-02
7.398083873724455861e-01 6.374901602646623200e-01 2.821418247638379229e-01 1.179781046391656894e-02
7.061661211413456929e-01 7.005857922221765399e-01 2.604746338057861710e-01 6.276411363528441867e-02
7.277924404311735262e-01 7.009794876385115892e-01 3.494132855920953351e-01 2.876727021330006268e-02
5.896245445445436051e-01 5.562117616063867453e-01 4.109780953568461515e-01 5.577021431310467958e-02
5.319892732360114174e-01 6.039883954051777915e-01 4.333417875652249562e-01 2.236540559518171781e-02
5.307849466792937676e-01 5.671397375869966506e-01 4.703021325557680266e-01 2.552170929626975879e-02
5.487335286388677069e-01 6.135488237034738557e-01 4.972619654262475652e-01 2.617619399690065962e-02
6.091456870039544391e-01 6.039451178422003963e-01 4.867577932086183945e-01 3.590045163827556424e-02
6.780333637236398703e-01 5.536505534011051388e-01 4.098975481063376058e-01 3.268636352577181797e-02
6.555956306369525866e-01 6.106777592898013918e-01 4.306306384013537936e-01 3.201035015452070864e-02
6.832677474698494180e-01 5.785330964961443723e-01 4.938116258820920423e-01 4.278672839510388320e-02
7.425805436911093738e-01 6.086395116773796188e-01 4.398038659097585068e-01 4.289893205231579132e-02
6.165085192317266705e-01 6.333438804076193529e-01 3.860948556398274278e-01 2.961940490926234792e-02
5.475474898971894877e-01 7.042977353842578836e-01 3.767589879279938936e-01 2.315981610171176028e-02
5.679289250895116492e-01 6.705216032151574135e-01 4.428950871621671337e-01 5.385847771462733136e-02
5.069779833262164637e-01 7.309204465614215218e-01 4.977910904494096678e-01 4.801952966976752446e-02
7.023944883606151324e-01 6.578685634346636002e-01 4.220183915884512804e-01 2.309973481418340843e-02
6.696029499807670815e-01 7.098861338601649695e-01 3.934119296860240089e-01 4.472738485987436813e-02
6.659773825494793575e-01 6.739587278003792425e-01 4.883826124289826209e-01 5.429320126598056323e-02
7.105912482379751482e-01 7.446752201984201402e-01 4.509193833815026697e-01 1.856236403220164893e-02
8.417673937685562491e-01 5.479007670467430646e-01 2.885401395598644059e-01 6.316061783806758631e-03
7.764954699149521078e-01 5.733416682390644059e-01 2.964785007945420214e-01 4.491020680132298132e-02
8.483177759427198428e-01 5.571067167688644739e-01 3.411673405348398802e-01 4.122513843039881526e-02
8.805875095009225717e-01 6.050827073069062756e-01 2.726505761981793396e-01 4.843426972917059398e-02
9.145352984603309920e-01 5.579955561271117137e-01 3.219548936827878460e-01 2.773143604854123867e-02
9.087802898730057422e-01 6.212075314378927571e-01 3.677053896945964850e-01 5.051523826861369776e-02
8.729647957099215816e-01 6.907159549153428779e-01 3.113736671754315788e-01 4.585924363162604406e-02
8.056396318445409044e-01 6.392117091583501276e-01 3.645928534184738057e-01 5.423231490862963355e-02
7.915973876546622545e-01 7.322357545124389411e-01 3.246997246384822344e-01 4.645969360625247513e-02
9.425064628699151292e-01 6.705132432257329134e-01 2.558518406883293350e-01 4.321100050727812170e-02
9.877156012581619349e-01 7.112380370628201831e-01 3.504894139649547546e-01 6.930445892718289924e-02
7.642773908216541345e-01 5.542217302586409655e-01 3.795126211628759294e-01 4.117081372768998521e-02
8.418517759201439299e-01 5.805979668259672044e-01 4.678923693129520278e-01 6.402032953432937323e-02
9.144319924711524772e-01 5.251404762252769309e-01 4.081692502516254262e-01 4.511943397124707628e-02
9.327660329973537223e-01 5.260364959455199330e-01 4.973920400103347683e-01 4.597443295735371277e-02
9.838808547693206341e-01 5.927410675893658443e-01 4.382011434564756502e-01 5.635343815252451261e-02
7.540567206726296323e-01 7.026741958910015518e-01 4.183072772724059085e-01 4.361681922550689899e-02
8.360930854014373415e-01 7.293493184337062063e-01 3.760052708533410670e-01 2.151429840817489086e-02
8.700611888013399797e-01 6.935441253334788669e-01 4.364997102650833849e-01 5.655893865065789172e-02
9.344825038282500440e-01 7.454387727231170935e-01 4.233580842720087722e-01 2.720478896706761060e-02
9.125521988891259761e-01 6.255441919685218455e-01 4.470273122046905523e-01 2.166947045588036788e-02
9.721295106213256876e-01 6.944213174681307388e-01 4.677450534042817964e-01 5.019443912645769890e-02
5.048751438792308255e-01 8.108974025814181807e-01 2.667795830069321639e-01 4.627971164858979414e-02
5.968628536426296982e-01 7.804304745830427104e-01 2.538630737294034767e-01 5.148520472177454954e-02
5.382593510746852550e-01 7.543077568119850307e-01 3.128808649978188083e-01 3.363234198924738155e-02
5.937858369058015562e-01 7.583133206911103485e-01 3.704549457157361725e-01 2.962287586276423842e-02
5.512749636546682153e-01 8.296168349825970845e-01 3.334461692461995752e-01 3.707783386721482527e-02
7.082725179710888108e-01 7.949347849466866789e-01 2.913392767929128269e-01 3.654031979775788225e-02
6.613396091816211575e-01 8.232096867853759825e-01 2.607905652986817757e-01 2.620789751288168934e-02
6.998021839879792205e-01 8.723941653263334040e-01 3.049785130949055345e-01 4.256567229844106931e-02
6.788529909296543430e-01 7.512520340028573385e-01 3.325267551531202459e-01 2.946477673330027969e-02
6.359864445590857063e-01 8.164547087636010447e-01 3.389251916405505161e-01 4.883577100064195181e-02
5.256427097015244909e-01 9.059306525997835591e-01 2.984284759706619106e-01 5.071765075285626645e-02
6.137338309373623346e-01 8.773772023809092158e-01 2.691902907790280630e-01 4.640465033333932704e-02
5.801189074641656118e-01 8.797422026479647661e-01 3.341514432542308510e-01 1.928651780156629900e-02
5.939073285850535733e-01 9.487150948111793269e-01 3.340826551422425572e-01 3.738369478125845580e-02
6.753623558398931248e-01 9.527254042029167369e-01 2.515031005794909902e-01 5.254237137392724077e-02
6.489528443712939687e-01 9.188854369137703371e-01 3.185985933905600143e-01 2.711207242270291182e-02
6.333780220917362147e-01 9.505995126061693723e-01 3.652910590311930772e-01 1.203627212706638756e-02
6.764997172326076003e-01 9.967051877707792107e-01 3.484677961872388319e-01 5.312929912592819631e-02
7.376808980621362144e-01 9.411452384325044163e-01 3.139483716990791873e-01 3.644115365525635308e-02
5.127982574578258124e-01 7.738307936177543089e-01 4.001688696594279393e-01 5.803045266087571152e-02
5.499099997779789417e-01 7.532666929655525978e-01 4.572628196879786056e-01 1.308578823592835075e-02
5.079089833936680787e-01 8.180995469958980415e-01 4.872729208763639241e-01 3.980240374517128588e-02
7.340256788367224283e-01 7.996723380536894243e-01 3.851243036916516815e-01 6.084378408500547286e-02
6.253921905552057847e-01 7.939026414500259810e-01 4.582753507861136999e-01 7.026928229838438900e-02
7.330218119441297420e-01 8.518640774560459761e-01 4.895619869618292319e-01 5.592439846413257282e-02
5.383533725166027573e-01 8.980608861715548841e-01 4.183079825216795000e-01 7.009676371813161611e-02
6.094973872283704353e-01 9.730981749994326302e-01 4.003702525426554582e-01 3.485243993402025592e-02
5.472287386554187671e-01 9.927531048368725131e-01 4.731818978115189256e-01 3.970662162814857926e-02
6.125321671636491105e-01 9.461780980535037244e-01 4.710359896700919702e-01 3.285767909571399303e-02
6.674707492803055864e-01 8.985723566455880995e-01 3.985143247989524351e-01 5.740175628340014879e-02
6.678207847044168588e-01 9.832545325723465179e-01 4.443214286021642812e-01 3.888035914104976537e-02
8.564038952799080118e-01 8.025899293305377435e-01 2.969837543750785680e-01 4.240610679874191880e-02
7.774410029476113149e-01 8.319089465719999854e-01 2.930847771355964415e-01 4.191941769028963150e-02
8.213395232547398006e-01 7.935498428336389409e-01 3.599597301239872982e-01 3.024947098488721051e-02
8.259791091591520695e-01 8.460282817116128173e-01 3.401198892367705007e-01 2.595637981285903520e-02
9.188085699991036526e-01 7.540210566715316309e-01 2.792650364109991457e-01 3.864744153216363026e-02
8.902015204168409745e-01 7.664560574193209908e-01 3.696452661730076361e-01 4.439593110976109563e-02
8.904181721993663645e-01 8.641752898552081952e-01 3.417925919619077546e-01 4.101033055528510718e-02
9.588244585789419405e-01 8.191293194640908437e-01 3.592528111450473127e-01 4.273613993841465092e-02
8.228992232761878078e-01 9.299982921984542017e-01 2.824528944931715135e-01 5.509832379685607878e-02
7.754897805410855272e-01 8.873244458139225577e-01 3.545106625032610759e-01 4.084012179969857131e-02
8.437713211524630053e-01 9.181710711751714937e-01 3.684038955958879868e-01 3.413791191880104214e-02
9.274054875502556472e-01 9.679714742329230681e-01 3.001356005899251667e-01 5.749682827548718150e-02
9.788595244596348666e-01 8.977974125396483984e-01 3.438705907894615277e-01 3.989384246308966958e-02
8.161399001223930139e-01 7.638934574358918761e-01 4.170336657840608141e-01 3.419052443770360938e-02
8.294521054215453493e-01 8.493525531791584759e-01 4.203278647616667807e-01 5.236192453389813817e-02
7.589154681804972657e-01 7.589007231369145901e-01 4.594862724879562599e-01 2.624548958454498218e-02
9.904610555009107919e-01 7.725219045795520545e-01 4.361243809626775825e-01 3.603928860655469107e-02
9.599090384944630738e-01 8.733740455311674866e-01 4.111954399013148520e-01 2.892962000660553867e-02
9.346230603370165868e-01 7.612332957224255958e-01 4.920153663958954371e-01 2.938735397714428016e-02
9.203712131697054932e-01 8.158597150649239405e-01 4.396507300556770637e-01 4.644584973859613303e-02
9.812737630477319506e-01 8.173321687848803530e-01 4.920767389760289934e-01 3.392881780458465585e-02
8.582288530048510777e-01 9.255712673900650111e-01 4.342221309607990909e-01 3.029217631345250752e-02
7.686991622115272316e-01 9.594732270357676507e-01 4.322877451234633517e-01 6.547255820449886243e-02
9.167628845342724597e-01 9.266869836746729483e-01 3.907405249231357125e-01 4.264644855863508610e-02
9.420630008358553686e-01 9.875824224063067813e-01 3.751106573227488417e-01 2.137453522299369302e-02
8.982151940111020583e-01 8.906206956731023139e-01 4.431664424710377026e-01 2.014259416545976719e-02
9.801542278922765750e-01 9.017527389852424413e-01 4.830969523174395985e-01 5.097731676142187168e-02
9.076611749036893606e-01 9.802218308375664213e-01 4.789948125281862645e-01 5.594049363867763941e-02
9.817936752340822304e-01 9.716344447262484918e-01 4.675138727552649032e-01 1.927280158615602562e-02
7.997122149857666812e-03 2.812598212110824225e-02 5.224299211560486933e-01 6.343500454485946627e-02
8.361573870952945797e-02 4.629165920524943439e-02 5.960294555566973962e-01 4.364649079518694019e-02
1.106240027792720904e-02 1.051833431225866339e-01 5.843778427012757959e-01 3.548921899782114114e-02
1.091279128969145362e-01 1.148484542784407730e-01 6.016300650407587769e-01 2.972161759463122499e-02
1.325576861734522049e-01 5.615367800171450208e-02 5.064912754118869875e-01 5.887938239360163140e-02
2.041764196671711218e-01 1.246336601098838454e-01 5.458533737425398380e-01 2.602589701947940343e-02
2.039213320484998537e-01 6.542347597220948829e-02 5.729994859824304454e-01 3.911125070705790546e-02
4.104648318367729726e-02 1.294844731355265233e-01 5.171384379432676370e-01 4.203301306235099344e-02
5.139359485558595703e-02 2.197532511125635524e-01 5.249261414208676868e-01 3.443976436680134395e-02
4.371180713606957757e-02 1.777394221332775914e-01 5.911417292673775137e-01 4.436740198136809171e-02
1.324496435210234524e-01 1.717635862045151229e-01 5.357931885875208966e-01 6.038799889536271281e-02
2.152766559633494670e-01 2.194435759429388122e-01 5.365717602448529799e-01 1.105104261645328129e-02
1.964181600731593202e-01 1.316480459190607633e-01 6.064349415672976029e-01 3.545403097219452376e-02
1.981367657804423144e-01 2.306889020843028992e-01 5.995393831515658523e-01 4.847449976276620165e-02
8.991979038509750888e-02 2.712928606579306096e-02 6.699904348893021000e-01 3.301805238035845913e-02
5.201599348277364393e-02 1.107274104016879451e-01 6.691158968063867230e-01 5.879006631624254103e-02
2.030087047926505683e-02 1.583127944762222072e-02 7.270092731326874835e-01 5.682154806766221561e-02
1.164854835458105503e-01 5.705082921488190129e-02 7.356421434334989851e-01 4.386768941864536975e-02
2.360428792175091328e-01 5.890299276935228971e-03 6.426498309992861868e-01 5.798295824421199895e-02
1.537446618227514272e-01 7.232161943752946076e-02 6.489251357171347268e-01 4.797539079348774743e-02
1.990796032385154513e-01 1.223734342118254909e-01 6.618321809821381407e-01 1.662718726925298263e-02
1.874172606289379872e-01 3.636018862073771979e-02 7.103328071256780341e-01 3.075581361682163534e-02
1.795221058296383454e-01 9.884618184823737441e-02 7.211227128561975563e-01 3.314725208561984660e-02
6.553660774269423617e-02 2.348827721761365672e-01 6.592660596944635021e-01 4.719551137381416961e-02
7.383834218257746829e-02 1.841491674103208631e-01 7.210000550077108050e-01 3.314180021859022135e-02
1.482841386375124415e-01 1.739128806732201105e-01 6.722856750103914925e-01 5.641569477672972455e-02
2.170983091868048664e-01 1.513181769067462046e-01 7.234769637222077110e-01 3.058669930731941142e-02
2.169778746317180540e-01 2.329875241414617604e-01 6.954054519659386147e-01 3.094604234334495663e-02
2.682136301420759428e-01 3.809350985983963461e-02 5.459439030281597605e-01 3.580522316133247923e-02
3.630373977417328812e-01 1.550478863419499018e-02 5.117509549344113617e-01 4.488035478995102551e-02
2.793385487523294408e-01 1.247662470408947843e-01 5.270301528749758990e-01 9.115000436215291157e-03
2.572208621126926276e-01 9.664509004995613939e-02 5.567917566663151963e-01 2.475048386666255096e-02
2.572408424374069691e-01 9.477884789525491127e-02 6.181400114655389855e-01 3.662890523717537289e-02
3.412228391633083668e-01 9.838437199739399897e-02 5.696868668452423901e-01 5.858174064850819179e-02
4.227299949836094695e-01 7.648662303565749443e-02 5.235786148982866095e-01 3.759073157989559905e-02
4.631009378698134338e-01 1.098515837055852318e-01 5.392312535831922382e-01 1.563980705823825659e-02
4.593581036958722108e-01 2.091471030550348317e-02 5.903729826548103077e-01 5.670452863008726418e-02
4.174742706120188607e-01 9.520896668453729395e-02 6.048434979938158707e-01 2.490277355354255859e-02
4.823429252790591426e-01 1.159598113404621683e-01 6.028857033611315641e-01 4.188715512547289133e-02
3.077389972510878868e-01 1.397116944237262182e-01 5.048263346864579892e-01 2.528863739395094401e-02
2.620592274555182954e-01 1.697228216984251470e-01 5.590503795406883691e-01 4.852370362322792896e-02
3.419438796351313425e-01 1.855123659989158236e-01 5.326291968439067492e-01 3.610426094676111308e-02
3.022870587676261822e-01 1.476094504859156997e-01 6.187373237063276132e-01 1.784627895077995838e-02
2.977774830462809330e-01 2.237941826872199558e-01 5.895065155291047132e-01 1.589127815416918957e-02
3.575841732520553817e-01 1.989061326714660627e-01 6.225815713017109898e-01 5.618433206535075608e-02
4.247782960776008698e-01 1.455440152067787318e-01 5.553154018764007160e-01 3.843930830027404710e-02
4.740677255216813046e-01 2.496452382238993906e-01 5.767551987948551506e-01 7.872357551098944917e-02
3.578803551241120928e-01 1.022145818002197747e-02 6.478530827433367500e-01 6.042022311564724385e-02
3.135774662458957196e-01 9.490118897995726555e-02 6.538344838569207784e-01 3.006556706360315190e-02
2.931911012378928816e-01 1.048754135326248997e-02 7.285178921812051067e-01 4.299014940694893122e-02
2.542218240079510694e-01 8.981425787242934555e-02 6.996599093224920018e-01 4.509967869719248151e-02
3.097548720218759599e-01 8.457174492994561088e-02 7.483912451919674247e-01 2.565087919731280641e-02
3.211921889692091470e-01 6.704031203265685412e-02 7.014903551648529190e-01 2.566217377354647333e-02
3.791739987728788841e-01 1.041009217049474467e-01 6.563818555480185335e-01 3.622536185817436943e-02
4.450297520831378306e-01 7.931454535351223356e-02 6.585109599454790352e-01 3.417318653339244255e-02
3.869776192486289457e-01 1.291095353651325849e-02 7.349542195050021709e-01 2.834115190094643744e-02
4.605692899589665656e-01 4.429860128538783137e-02 7.353265390333828533e-01 5.166550431082504030e-02
3.787331752623232517e-01 7.702680756690946651e-02 7.245597073838803137e-01 3.713337003614473886e-02
2.519391720237789678e-01 1.724619001674094765e-01 6.555909359121647739e-01 4.859600262236355578e-02
2.648719191089520808e-01 1.782705657517887343e-01 7.447054229132855641e-01 2.823157550292071036e-02
3.295150498806402317e-01 1.481462009192032192e-01 7.118623789406035574e-01 5.028683223222114168e-02
3.109760919286972403e-01 2.204171841314735980e-01 6.961338111121784245e-01 2.523229028905988811e-02
3.705825759569894018e-01 2.298032270490071582e-01 7.287156377598241752e-01 4.220463430217454015e-02
4.301952957761196461e-01 1.508105787169185252e-01 6.452945714510240904e-01 3.383755193346500018e-02
4.311790723561429450e-01 2.139631371193247977e-01 6.790057589107583169e-01 3.776080332850855620e-02
4.105917626877360616e-01 1.358271672520603157e-01 7.077379395210933177e-01 3.182668359106229777e-02
4.943905156868406703e-01 1.362975834020345722e-01 7.007916948521817346e-01 5.226358520911482397e-02
1.076127188370013671e-01 2.716817877725216102e-01 5.071471424236265735e-01 4.413104435878766052e-02
4.471945474793927872e-02 3.468448188143140598e-01 5.527688126637227972e-01 5.290799638718368669e-02
3.678704840788193930e-02 2.632925911152191878e-01 5.854182120769236830e-01 3.689632523557721117e-02
1.127337962621036416e-01 2.542110999284336592e-01 5.889478894429122091e-01 3.967288140771443178e-02
1.831265839575375309e-01 2.515687688502475372e-01 5.200476733553904829e-01 3.507317632322186352e-02
1.790684828604337253e-01 3.160098145991069862e-01 5.271529457871241275e-01 2.468393568888007164e-02
1.313770980033231728e-01 3.221676844119797378e-01 5.624695254094805863e-01 3.406409195930466816e-02
2.143651598685182014e-01 3.353820754367622392e-01 5.987688521175040801e-01 5.747431994591217091e-02
9.183677316283443692e-02 4.094683005854360403e-01 5.055877158221252499e-01 3.857372628711189244e-02
1.675969535351980524e-02 4.492067608958459912e-01 5.092350201581553604e-01 4.645768868752519348e-02
1.190898573298065505e-01 4.909853470612960402e-01 5.477753662520544742e-01 5.718440331562067019e-02
3.793936486023855720e-02 3.900920988059800032e-01 6.202759720298023360e-01 2.700480800098205986e-02
1.206206634779957571e-01 3.977743492254301461e-01 6.117611351853095014e-01 5.589016061886373232e-02
4.697346116790886844e-02 4.405283121962409454e-01 5.832168300274724881e-01 3.393829827137730820e-02
9.536204357611846594e-02 4.606264373685180491e-01 6.054421363606340423e-01 9.606619432426124691e-03
6.724760806829274684e-02 4.904861896448408642e-01 6.217166353030285642e-01 3.232638953271230881e-02
1.661150330110718054e-01 3.819363221928995800e-01 5.330117231263230559e-01 3.644507470652109948e-02
2.253447314529672119e-01 4.538276119228021321e-01 5.870864564979481059e-01 6.205462137724009758e-02
5.968932770605601262e-02 3.343850092811603836e-01 6.780684635850959818e-01 5.424665641512255859e-02
1.304172429849904669e-01 2.505789765030798644e-01 6.464569044547476828e-01 1.598830551290598284e-02
1.325654749657757814e-01 3.110338168039742390e-01 6.310301993685956123e-01 3.376686118266301884e-02
2.079157450265267382e-01 2.805873305331770817e-01 6.614343152020527583e-01 2.528240204104184943e-02
1.547934881482555813e-01 3.557938469953240701e-01 6.793486645752152553e-01 3.071262730720780015e-02
2.263049753123063113e-01 3.479829453435491771e-01 6.760135000672570227e-01 2.167929025898070877e-02
1.459762008654710008e-01 2.775077812877939087e-01 7.114086451578590653e-01 5.435220126991460732e-02
2.458866254452657385e-01 3.027859594301784418e-01 7.281754772355679695e-01 5.006185256720661891e-02
5.693878916280934246e-03 4.335136534902303551e-01 6.310682703819584516e-01 2.773052411157555033e-02
5.708933864482413842e-03 3.928295797135570866e-01 6.655337919104112876e-01 1.919918918357053222e-02
1.478584605135507477e-02 4.498549881048256593e-01 6.761696001710413295e-01 2.108808983149292049e-02
6.489941990177686137e-02 4.400415683447558290e-01 6.640840524506936848e-01 3.132285819862985071e-02
3.493165331066220430e-02 4.176267375205585664e-01 7.372699713905813690e-01 5.086863495507609745e-02
1.189682010219586805e-01 4.119329408451846697e-01 7.056718917944387881e-01 3.910254403741617729e-02
2.032750859594563420e-01 4.006583666255467135e-01 6.670514854531136573e-01 3.648126066793994787e-02
1.446507778679515521e-01 4.936689578537173384e-01 6.642589093732583772e-01 5.606221258370336358e-02
2.466956863292769364e-01 4.084244170166148047e-01 7.126441828132679124e-01 2.695933873646657805e-02
1.875723186945143783e-01 3.786493861700837571e-01 7.464142460514761046e-01 4.736133588350589091e-02
1.679486547164492916e-01 4.548075884362146049e-01 7.393074565138039178e-01 3.160940730587909892e-02
2.382832410754844032e-01 4.737238999736126388e-01 6.893110371392979774e-01 4.289828432273347369e-02
2.715114321193820568e-01 2.637195564991847152e-01 5.491556444624084987e-01 4.646888333315845471e-02
3.584327134796262415e-01 2.684827492435641894e-01 5.560466211236643197e-01 3.437758795536210304e-02
3.154243913181678516e-01 3.497493374904971364e-01 5.621034031412087684e-01 5.098945407731479001e-02
3.988975680364392762e-01 3.292662520096991674e-01 5.094296655119168182e-01 4.982057038558624501e-02
4.893207856336606598e-01 3.583987895190365314e-01 5.227685904473194922e-01 4.364939389095945366e-02
4.059937482104922779e-01 3.558173795989203470e-01 6.046170150105455443e-01 4.925698712121052980e-02
2.880006067937480596e-01 4.204213411038160153e-01 5.195347496131449416e-01 3.595181424136693893e-02
3.686799626800305041e-01 4.348694146473313649e-01 5.587159999468298555e-01 4.947856239751246415e-02
4.843230938451694723e-01 4.537262597166938916e-01 5.859198773094953516e-01 7.080905898861911130e-02
2.791698517483744424e-01 2.647715732628898588e-01 6.436931011969916350e-01 4.838740040994719133e-02
3.677088354496251821e-01 2.920018184659457505e-01 6.652270243900698654e-01 4.672093059901762796e-02
2.996412439011849616e-01 3.675451799278257048e-01 6.653491085574803066e-01 5.496677770202717389e-02
3.141772461842380904e-01 2.733489469744648237e-01 7.077802043008188937e-01 2.377123220762037553e-02
3.957268085032969451e-01 3.622689847023660703e-01 6.842376511025993757e-01 3.128569946315067768e-02
4.881847710490947456e-01 3.555505147227475127e-01 6.290857705590925386e-01 3.651152425738923152e-02
4.683749516948843561e-01 3.044345646017642681e-01 7.171759931940184796e-01 6.724540113151181164e-02
3.217998752492057801e-01 4.713192971675420617e-01 6.448599083520853981e-01 5.174201220500830589e-02
2.954135765023127025e-01 4.040641831140538986e-01 7.448423081863889683e-01 3.160607127678335265e-02
3.642512706754721385e-01 4.233499666188245136e-01 7.173407238267596187e-01 4.499518304722630729e-02
3.127207246723583411e-01 4.835952074312053761e-01 7.293600920003528998e-01 3.413211655927893967e-02
3.936368113326252360e-01 4.278617132735700324e-01 6.428232671649757313e-01 3.079005702744219003e-02
4.529849138400772190e-01 4.153886469758677480e-01 6.931449930216950772e-01 4.732782235005036225e-02
3.761356306413288220e-01 4.945147810617365192e-01 7.434563328945631433e-01 3.174711517341407413e-02
4.668943137350109462e-01 4.783145117141756053e-01 7.235929742197110270e-01 2.386883913201592877e-02
4.890505223497274012e-02 7.410319081608046643e-02 7.703424017400428703e-01 2.021080997680251359e-02
9.410582199326791852e-03 1.193084878245297409e-01 7.588114077462482232e-01 4.088254234945112864e-02
6.839553150164824971e-03 5.805359983741702201e-02 8.177361726118235197e-01 4.416059130434896868e-02
8.865573540151326648e-02 4.465450153321454119e-02 8.356895028646993406e-01 4.067730601772079346e-02
1.155275615587602195e-01 5.267537495261561016e-03 8.734967808095261965e-01 1.329694405580738106e-02
6.982805607901827749e-02 1.235325002756159640e-01 8.227337557299998494e-01 4.144615164541473606e-02
1.631202563797344851e-01 6.199243095647439736e-03 7.538261445112709458e-01 2.748692374187139756e-02
2.235883668280494174e-01 1.940157866262765679e-02 7.625935847152458535e-01 3.502818747078787626e-02
1.500930757162050877e-01 1.014770421402110684e-01 7.632390916898083022e-01 1.830004782015915918e-02
1.441090000638647894e-01 8.313147857442036714e-02 8.094193684076004258e-01 3.175056278909986485e-02
1.759634038627181929e-01 7.689124739285293879e-03 8.370680888634173256e-01 5.415228551326384948e-02
2.427655831817279453e-01 1.102706325358675937e-01 8.129801272167616055e-01 7.063334264551672514e-02
5.147280795684025523e-02 1.705303755808623145e-01 7.757175955625799091e-01 2.751959227304442632e-02
9.860589692253519944e-02 1.307590106462378499e-01 7.533478988849314772e-01 3.401890428481908757e-02
8.900645784462830890e-02 1.833479611587197911e-01 8.033049236721289121e-01 2.079351218732864576e-02
1.218921304767198038e-01 2.081876999305521669e-01 7.643634851499603311e-01 3.590676949450567063e-02
4.259837613180340876e-02 2.129671474891747518e-01 8.256869233988417545e-01 3.863689569104177685e-02
1.630036377605193487e-01 1.519443964275188352e-01 7.587293527064349341e-01 3.398813524387538088e-02
2.074806226892225713e-01 2.228805759866762382e-01 7.790640377998323540e-01 5.217039415178888889e-02
1.456803482273096584e-01 1.710968790543808127e-01 8.323823485062156191e-01 4.407218887341542157e-02
9.685680415848182956e-02 4.361540225850809444e-02 9.335409443605835467e-01 1.459424435614569034e-02
4.213193147670108579e-02 8.686699801463729220e-02 9.167686938763434101e-01 4.829275929926023225e-02
5.381630867756238140e-02 2.923312692978153118e-02 9.774049330561530580e-01 3.592092329775570941e-02
1.082715897434245178e-01 1.195233042467788859e-01 9.779308616232631479e-01 3.798369793198462518e-02
1.444976641465603451e-01 9.454487114951472260e-02 8.957109252447447156e-01 5.529375082294202964e-02
1.390577273556235782e-01 3.733593827865180903e-02 9.880894862133561274e-01 5.037658095156119509e-02
7.819498137510788593e-02 1.753570896501349397e-01 8.966848828418949591e-01 4.924426644947723503e-02
4.699926586410955488e-03 2.232915983951090089e-01 8.778165023363977415e-01 2.657308283408815058e-02
2.765175460990467599e-02 2.264060698017110740e-01 9.288639223295233061e-01 2.947111745722053380e-02
4.866986078121299589e-03 1.633528293257404396e-01 9.453133186441085023e-01 3.956125774681842899e-02
7.465229341461920853e-02 2.057769388462568072e-01 9.982100034104463004e-01 5.680465782997722035e-02
1.966083377216296946e-01 1.672613842457225941e-01 8.917734684041996873e-01 3.426223533042697250e-02
2.264730707171515312e-01 2.460403626169683777e-01 8.779162931905437617e-01 5.112774802650531247e-02
1.506202824712589150e-01 1.860224398572070670e-01 9.446024965279252728e-01 3.825042847258308676e-02
3.485270442149883685e-01 4.045866811897026738e-02 8.028838820171723123e-01 5.443436429590083059e-02
2.661122270942197776e-01 5.390808768396772831e-03 8.223524425858935727e-01 3.722650695480020366e-02
4.415949403355535763e-01 1.204105003490461290e-01 7.644801785995067878e-01 3.194378276104373193e-02
3.902259492990446943e-01 2.120355636113303160e-02 8.634701787657145244e-01 1.699978624401677144e-02
4.372061476623525511e-01 7.320040352022226526e-02 8.213250133321479129e-01 4.188169734572191882e-02
3.877088222019482444e-01 9.266081109840956787e-02 8.559768553334209384e-01 6.880858672814904597e-03
2.955786543611436112e-01 2.358129673030422424e-01 7.567484752649416002e-01 3.809551763983742845e-02
2.939291976505942761e-01 1.675881669898831861e-01 8.577387410472373519e-01 1.765206875437268577e-02
3.703260385563275081e-01 1.571091870514134403e-01 8.197674649658219792e-01 6.543555555621501096e-02
2.819452889440892118e-01 2.081911262892005288e-01 8.234242794168087354e-01 3.535460739704406746e-02
3.234570151654472814e-01 2.483113284481999750e-01 8.289842617149054682e-01 2.257802004735973839e-02
4.681856676021317609e-01 1.536094220998779070e-01 8.024241323516650981e-01 2.504492952225826838e-02
4.142852032172194554e-01 2.489945338745449266e-01 7.949258456891984403e-01 3.941782346571889861e-02
4.411270817606791628e-01 1.902638277987551696e-01 7.510014043524165794e-01 3.868705783010804172e-02
4.589995145220211459e-01 2.038100649980487400e-01 8.265440471965339597e-01 3.139416332727022751e-02
2.606208045875251789e-01 2.856707599377714818e-02 9.310703551835157743e-01 7.407361535113675399e-02
3.441113266303180152e-01 2.023267031262354979e-02 8.803159918047855914e-01 2.229599705367924303e-02
3.079422234209325260e-01 9.935256606912966360e-02 9.173573676910126151e-01 1.070652181456979712e-02
3.487666013086862526e-01 8.075482332392662499e-02 8.859269572553473138e-01 3.786965180433551209e-02
3.610183311343027057e-01 7.685291543777761879e-03 9.925159201642503870e-01 4.501201509979912974e-02
3.400466238786812312e-01 1.055429918858385024e-01 9.665448427924326902e-01 4.208236485793792614e-02
4.230922011376180847e-01 2.728052508426586503e-02 8.959307775932044970e-01 2.853152308541373819e-02
4.883418090087909280e-01 5.220800086495563930e-02 8.778593898572133458e-01 3.691370428911998347e-02
4.141837646263580863e-01 8.768215697101360007e-02 9.311837770215275478e-01 4.197796824580266734e-02
4.473583437539070395e-01 1.369377321325868785e-02 9.649068625078605077e-01 4.584192626577437285e-02
2.738086899882892777e-01 1.517140230406876233e-01 9.220446092408306482e-01 5.011232920740376490e-02
3.149796464507685911e-01 2.218468284413263603e-01 8.876791376888804042e-01 3.817730170044054266e-02
2.748689909708496026e-01 1.665197453038473052e-01 9.925845369942170038e-01 2.140138265830299549e-02
2.612091610924948681e-01 2.387407501894355522e-01 9.756990661537379150e-01 5.290036464151525591e-02
3.398865937351268629e-01 1.961443103511704145e-01 9.511372322721075578e-01 3.467989242821870738e-02
3.750140170921282268e-01 1.496676448973455198e-01 9.174331911654060034e-01 3.262945498931356381e-02
4.699633437149000059e-01 1.395678090242998826e-01 8.776583465313256838e-01 5.113149070017958264e-02
3.910996446746457522e-01 2.182730265830277738e-01 9.023649634978727629e-01 3.943101003402464666e-02
3.947284693685385037e-01 1.681566339671911603e-01 9.757195219951079190e-01 3.161903013768654208e-02
4.874987131837241749e-01 2.012649877052890279e-01 9.821396627199018292e-01 6.709280177051274441e-02
5.299961191504580504e-02 2.581094524311655092e-01 7.515674210601780425e-01 4.877134517822725307e-02
3.258724582432960537e-02 3.243097468094404134e-01 8.043037176283026612e-01 3.829504570325008989e-02
1.006904502101789306e-01 3.540677030319429042e-01 7.664180015907021692e-01 4.512822450532077978e-02
1.230138313515088677e-01 2.753122973193038447e-01 8.365436786748785547e-01 6.266943228124162435e-02
1.878990277379380958e-01 2.977515834590936938e-01 7.760123531300043842e-01 2.527925230517553620e-02
1.549214654339141073e-01 3.698743923428058911e-01 8.268608163381421239e-01 3.760500912694400566e-02
2.170680170063405412e-01 3.228713064819252465e-01 8.291654462035606965e-01 4.035036203427177365e-02
1.033877892600747889e-01 4.444865962179284646e-01 7.791892154239439261e-01 3.377812002851348500e-02
5.753874988679862079e-02 3.879808745393003022e-01 8.607084981684227643e-01 5.035480280637387451e-02
5.325649971170749036e-02 4.688790388692936628e-01 8.248081291454567587e-01 3.825850434627545843e-02
1.585999405349665381e-01 4.279923201972800073e-01 7.906674622074949532e-01 2.497830187276003922e-02
1.546201140335513868e-01 4.755846064689773778e-01 7.878620497860028271e-01 2.286372597392384923e-02
2.436074738001942075e-01 4.650482153842996347e-01 7.940402306909639663e-01 6.233280203695215627e-02
2.122527949868461550e-01 3.869508323168557862e-01 8.127034982992886736e-01 2.387165988346511350e-02
1.452698666585079679e-01 4.595940074658700358e-01 8.720126011819930856e-01 6.330471082812927364e-02
2.553564658712721355e-02 2.969429885377330436e-01 8.907742365291401176e-01 5.072115758146260311e-02
9.433392871322096584e-02 2.630161686592261128e-01 9.291340734135962176e-01 3.504812742744991411e-02
6.147057138772003826e-02 3.572166770596344465e-01 9.418415540997466806e-01 3.606680881785294390e-02
1.530605683028150588e-01 2.937442776364935226e-01 9.133016319562426988e-01 2.036685942432140198e-02
1.330995704753590303e-01 3.559116321342652434e-01 9.066905389668709070e-01 4.373333657881471603e-02
1.713459771593069947e-01 2.530456858448371094e-01 9.411783100848351014e-01 3.114831485367668823e-02
1.274083391190449499e-01 3.120094913450367491e-01 9.960994600633887863e-01 5.428074724880884577e-02
2.110729939348970352e-01 3.216765434163894044e-01 9.391404178348669030e-01 4.739993486979178494e-02
5.114871366689881932e-02 4.704029728212266726e-01 8.849919075451417871e-01 2.197844640211948919e-02
1.601083587100922455e-03 3.943684049532131808e-01 9.752213050097612301e-01 3.985382168406681469e-02
6.545198451650628690e-02 4.377165334649921746e-01 9.411276772477175090e-01 4.453504866127609707e-02
2.302155484941661445e-01 3.913506960311461391e-01 8.800270821433751056e-01 4.596009120670688231e-02
1.700886118300356797e-01 3.915893281982624763e-01 9.718187891739802353e-01 3.922920094608201708e-02
2.192084011984386793e-01 3.887376647274912167e-01 9.432413190745428944e-01 1.641382325218138441e-02
2.355386428345015715e-01 3.960605661103883679e-01 9.874128188177954124e-01 2.820132489745281329e-02
1.434535867913871721e-01 4.857475101429949427e-01 9.935186993838587277e-01 6.100093866369109274e-02
2.201897573022730814e-01 4.451250112585295460e-01 9.445976357066306894e-01 3.867681667874576373e-02
2.586775616177326986e-01 3.665082743610336147e-01 7.844577843567500652e-01 3.419235321899997959e-02
3.497882414196319956e-01 3.283048282937243156e-01 7.716620163475902405e-01 6.543392638202452649e-02
2.742482580763309086e-01 2.770391626558002529e-01 8.128581701800442483e-01 3.472546880118620310e-02
2.829035081595021595e-01 2.508940734162530273e-01 8.501815964989994923e-01 1.117944397859393577e-02
3.455365253007086634e-01 2.788436297441829193e-01 8.358539043312231964e-01 1.571462072467660551e-02
3.873478166411681300e-01 2.760801654723436527e-01 8.549696710287006951e-01 3.021463707111510591e-02
4.824805607506041927e-01 2.777584331282710872e-01 8.401127983300754609e-01 4.731119731637454390e-02
2.908706924971806718e-01 3.891857956716456290e-01 8.348085962975070329e-01 2.972643768873365483e-02
2.899153357799781339e-01 4.323688270377418208e-01 8.689755547253632528e-01 2.360790981348167075e-02
3.635599014517976180e-01 4.449361651913999460e-01 8.228060200498820143e-01 6.266345716375869290e-02
4.570420006883580410e-01 3.963084640544952686e-01 7.870540017237365182e-01 4.861259966126681153e-02
4.234451779193583176e-01 4.555537261851875797e-01 7.545671245979248543e-01 2.455912554455855906e-02
4.559986705567752319e-01 4.592598025746617574e-01 8.206310073878945177e-01 2.254620403893965383e-02
3.088769910022662879e-01 3.203365413405124262e-01 8.905416070322628164e-01 6.054607900938010351e-02
2.723846764797942521e-01 3.014789217471771643e-01 9.522720019382134859e-01 1.299956653930087018e-02
2.812845368869610341e-01 3.452767354012685197e-01 9.858316444903199027e-01 4.016669907269085349e-02
3.613652267926191208e-01 3.742018588734887796e-01 9.460031867820087870e-01 3.285034406471001867e-02
3.835524528537372357e-01 2.889949557514623901e-01 9.049832519379573670e-01 2.147787629482167046e-02
4.459971043820502024e-01 2.697189973506343708e-01 9.156703415159862525e-01 3.698648720077452046e-02
4.224772701784490492e-01 3.555698232109714141e-01 8.802546910819445403e-01 5.884293775690169898e-02
4.903909861899646283e-01 3.188435721312977700e-01 9.724261854682121342e-01 5.022554959002065167e-02
3.472410099030554531e-01 3.946243895172409921e-01 8.931946952404746787e-01 2.073406466924367086e-02
3.705334455123839299e-01 4.446533126956090376e-01 9.241523196215466474e-01 3.892398756859851566e-02
2.955734508270295713e-01 4.125234539877158935e-01 9.377127019523732177e-01 4.375319788759562956e-02
3.768308608751784750e-01 4.877431312299064237e-01 8.887890953659770554e-01 1.667763081386311463e-02
4.465713840958735470e-01 4.502144544496256562e-01 8.785672862195077482e-01 3.654988401752858745e-02
4.269101467894170776e-01 3.814713531139002356e-01 9.744595033846792376e-01 3.897573470369061072e-02
4.391985614131870830e-01 4.513859406979857103e-01 9.520044481550212767e-01 3.548246496791128413e-02
5.029904003516398880e-01 3.469876183779559489e-03 5.173873544012264070e-01 2.374492685210423393e-02
5.553896107381526281e-01 5.224911977602880037e-02 5.096418504809927530e-01 3.045974770411264201e-02
6.219884705660742030e-01 2.335594024711496602e-03 5.060283828600701250e-01 3.398766337190554238e-02
5.361720808881789146e-01 6.666232570465925600e-02 5.714598151775057699e-01 3.465269533092561055e-02
6.261754041544127514e-01 7.972987048951883648e-02 5.484582705168339345e-01 5.438147792402601294e-02
6.506890390059733020e-01 1.546327524968443400e-03 6.102175954922463008e-01 4.823211409289162449e-02
7.426692696473897737e-01 4.745003426925974849e-02 5.863430751799707519e-01 5.731576719755922256e-02
6.710811923267493428e-01 7.565233557258840835e-02 6.125501316267446539e-01 2.393712627578144583e-02
5.240284180421682647e-01 1.392622836079489834e-01 5.184877074062325120e-01 5.509035949470469928e-02
6.046157938398806220e-01 1.582715601885656131e-01 5.361450530307096951e-01 2.664133424480202850e-02
5.642372384833912458e-01 2.198449462305426261e-01 5.212624787559786421e-01 2.416821792846979636e-02
5.368195797639417899e-01 1.748501802858382914e-01 5.823264779347441245e-01 1.736159985734741368e-02
5.663286652303384239e-01 1.282251925255827596e-01 6.083025299344345660e-01 4.317270413706414400e-02
6.008155587582867385e-01 2.163259228837246251e-01 5.967301234824783362e-01 5.214664672586136196e-02
6.611310194134947249e-01 1.545990937747533933e-01 5.112385833508034105e-01 2.929870474994662050e-02
7.222449234923238315e-01 1.307773718651421002e-01 5.375600548783205923e-01 4.137826598759647423e-02
6.291539804916167489e-01 2.156143575690273873e-01 5.094657423249550066e-01 3.961101209542324669e-02
7.231838978843888599e-01 2.271876381273132128e-01 5.114866588915901735e-01 5.515503937074478502e-02
6.701118629662767834e-01 1.834307023466549835e-01 5.639257297772838351e-01 3.128118718065600601e-02
6.515809616234060631e-01 1.394005038854054801e-01 6.214707225820040870e-01 4.328556066480087477e-02
7.232669346441106262e-01 1.296215694866870993e-01 6.090465414631970331e-01 3.012546042430158666e-02
5.978800936711411440e-01 6.233975140669160975e-02 6.289278906090363108e-01 3.247073281865394540e-02
6.160216707365725464e-01 3.693801561686564650e-02 6.678096018189659810e-01 9.187163973871988187e-03
5.272588896424533766e-01 6.277929303208241996e-02 6.474341809583903373e-01 4.047391914571418781e-02
5.555911846718842861e-01 5.554309636088450471e-03 7.381015203599740060e-01 4.265532381204762552e-02
6.024651439309591794e-01 3.696505498880899715e-02 7.015604367174006484e-01 2.346291164777811883e-02
5.640854288086443180e-01 8.202591730732322617e-02 7.144693710134206732e-01 3.713167515219878423e-02
5.955376476021041476e-01 1.145558721650661721e-01 7.435260157504252065e-01 1.640500029481633051e-02
7.234970038418989668e-01 2.666295527245025540e-02 6.760078659153642144e-01 3.670643044869925653e-02
6.565135657792839918e-01 7.355120839532608423e-02 6.803257953744367148e-01 4.517482031572422202e-02
7.127024543620475994e-01 6.282523658170471870e-02 7.393046238100766665e-01 3.698840353682758542e-02
5.149857343200383575e-01 1.679723474675664519e-01 6.298372453078673328e-01 2.436983185799664053e-02
5.489965477924481085e-01 2.417808495234951005e-01 6.732095829598425674e-01 4.368080062321901685e-02
5.934287691993864744e-01 1.610593922527728539e-01 6.914620628019324533e-01 5.025967846281097912e-02
6.335872557814274941e-01 2.213247947164391216e-01 6.633824548189294346e-01 1.867577652307257641e-02
7.192862399243070692e-01 2.155145560517959247e-01 6.336303787247625774e-01 5.931549970812224210e-02
6.909379785196461121e-01 1.627970278100569768e-01 7.310167414269473918e-01 5.499991599741598652e-02
6.685569667910290503e-01 2.368333521906209604e-01 6.999557911036103919e-01 2.457555565112551008e-02
8.174036007690049788e-01 1.249247708548699085e-02 5.203949814796847706e-01 4.830861391817179579e-02
8.632195593180832516e-01 4.346201996509936605e-02 5.588181052501087764e-01 1.570056542126076204e-02
8.302522943681930334e-01 1.199028101528309825e-01 5.473927528467649184e-01 6.285284343663823103e-02
8.802367372839660087e-01 5.174795282939017443e-02 5.207068905411773585e-01 2.578060058903990093e-02
9.269324917636617700e-01 9.780079335643725169e-02 5.032593044044229025e-01 4.205238786950905167e-02
9.183041363822657122e-01 3.128465625237296377e-02 5.642994638500478111e-01 3.560888603809925917e-02
9.053974346659062755e-01 1.157057833830699572e-01 6.026972022261752882e-01 3.054416275641905557e-02
9.491705294884732469e-01 8.911961122526358692e-02 5.708852712548437847e-01 2.951204164557362508e-02
8.245292266569385076e-01 2.213086146714500768e-01 5.223681814170260118e-01 4.176150470908657208e-02
7.756544105994926941e-01 1.392259943417925305e-01 6.075036367307069529e-01 1.729663436795412373e-02
7.759710679758712315e-01 1.922799839656625376e-01 5.685532518475185926e-01 3.006219667552585337e-02
8.182056368852580475e-01 2.426820398803491985e-01 6.077558385879353597e-01 4.649615065884164095e-02
9.919094825480863076e-01 1.337541524404294579e-01 5.125608860655055388e-01 7.501110149461455434e-03
9.707182937575160597e-01 1.395894949862199197e-01 5.442179618038374134e-01 3.102579368838761717e-02
9.920507152121723626e-01 2.208880237925351098e-01 5.605376554928096500e-01 2.957570524643736085e-02
9.142087677244133959e-01 1.961392288100103631e-01 5.683598297140945999e-01 5.247979881215852210e-02
8.593870275760399080e-01 4.266038530271679813e-02 6.457912689599132339e-01 6.559968167270287254e-02
7.645093040837021015e-01 1.060056842517960729e-01 6.767756585053898988e-01 5.261459201158161930e-02
7.883565443599253042e-01 1.322561606355050941e-02 7.330131946359619288e-01 5.068697377935835191e-02
8.590605332848590958e-01 1.087570502875018635e-01 7.214310007910441636e-01 3.486358486114627536e-02
9.746638254570109128e-01 4.315990601103167346e-02 6.316111704890937650e-01 5.055265712119283439e-02
9.075435709224856096e-01 1.202289857915595228e-01 6.606152643850672357e-01 2.689887909407708000e-02
9.409651456214971343e-01 8.218395544627815630e-02 7.148662018418894259e-01 4.731509912444448879e-02
8.449888779582644949e-01 1.587026155897072466e-01 6.495078344355715849e-01 4.737680894515839541e-02
7.885320557996259305e-01 1.813083954310887869e-01 7.059923942295678323e-01 3.055888429699064879e-02
8.577568563718178662e-01 1.866250890294160192e-01 7.399082874796347742e-01 4.519510065158741097e-02
9.649252066623631441e-01 1.466809983374088855e-01 6.317370299918604326e-01 4.257450629400248016e-02
9.042280720732865928e-01 2.443570462111723796e-01 6.676277558219790853e-01 5.833618346785478248e-02
9.876708366646270720e-01 2.255896681876948806e-01 6.272744680688014940e-01 3.607141076768795307e-02
9.184729293169333619e-01 1.566899247192438394e-01 7.045057796074708500e-01 3.119851870505253172e-02
9.915976709775621289e-01 1.932527398258974682e-01 7.079365222290564530e-01 5.063018342271774497e-02
5.809362403911034756e-01 2.976026693426384595e-01 5.066356850783593213e-01 5.554884903369575883e-02
5.937145965084742461e-01 2.985256116574740437e-01 5.917310618713588211e-01 3.051479308509167515e-02
5.372656728027567219e-01 3.418706630042429584e-01 5.815358021355699902e-01 3.318187936715662895e-02
6.022403272652355755e-01 3.607261658366507917e-01 5.804747397527023622e-01 3.327053948794728155e-02
6.803472745395737764e-01 3.220538184037827767e-01 5.548005303730692006e-01 5.759032647211492772e-02
5.601616836525185050e-01 3.814611211291110693e-01 5.352490632010428184e-01 3.189098628060339086e-02
5.761971757361810109e-01 4.425396496567818860e-01 5.330193540244251293e-01 3.129895604761537276e-02
5.881920593340324022e-01 4.272738592440618599e-01 5.986281639886513739e-01 3.712732694782509141e-02
7.237759592851774615e-01 4.025142111479158569e-01 5.026529286018717180e-01 4.767370801436665584e-02
6.534822492069837230e-01 4.469711717800555206e-01 5.486982343940247642e-01 4.739363454845602758e-02
7.117921120989304518e-01 4.021114842959479518e-01 5.818043713359304370e-01 3.238970819624623076e-02
7.074422092341975388e-01 4.684339534070212641e-01 6.224183314063603811e-01 4.550416331170439865e-02
5.657856409672024078e-01 3.325347719368979549e-01 6.588306621124475626e-01 4.973583569598729465e-02
5.584632841058141395e-01 2.972497904900127663e-01 7.488933062932362494e-01 2.853541903120946494e-02
6.123166581419122734e-01 2.715730425608693932e-01 7.172475559242869059e-01 3.900399845022773510e-02
5.262921477238706736e-01 3.740427279006096062e-01 7.265271230256135082e-01 2.338315205045735437e-02
6.457919550797769359e-01 2.869677906282154245e-01 6.432595576734623233e-01 4.365734067820233044e-02
7.156689227317161173e-01 3.008402424785976970e-01 6.847951127563205453e-01 3.880933718339987099e-02
7.124308620329570241e-01 2.522723600933953203e-01 7.443475649038099329e-01 3.798848734367078761e-02
6.591599346863370457e-01 3.234143496324989320e-01 7.196026937236462695e-01 3.090691183757474439e-02
7.498542320251420090e-01 3.641089385462606964e-01 7.041814831323301993e-01 3.567206397229195219e-02
5.393242234142821001e-01 4.171411455088150366e-01 6.754539948635835955e-01 4.046027201243037469e-02
5.976151196606941385e-01 3.993747472335281157e-01 6.528159186528392777e-01 2.454916254601912859e-02
6.183784139456774964e-01 4.761620532054955945e-01 6.742339773749859155e-01 5.783644556172310575e-02
6.033617116812456382e-01 3.859801084240193636e-01 7.416777931959359638e-01 5.578389146381795144e-02
6.743212801030553649e-01 3.800329641892415955e-01 6.572294871871183775e-01 5.468576264256338332e-02
7.495631295270818173e-01 4.300247792437464911e-01 6.790710661465939602e-01 3.486995181875373467e-02
6.993946480361634688e-01 3.953805715206508142e-01 7.415462535797046062e-01 3.343458420879335397e-02
6.934602683020416602e-01 4.388153393846195294e-01 7.015826106846527743e-01 1.959957913218939030e-02
8.125719580627538408e-01 3.296322672055704839e-01 5.127343582095262864e-01 6.765018995235327903e-02
7.549693587571719711e-01 2.766704497659361328e-01 5.758776096900803942e-01 3.205630525060242791e-02
7.674654088220260739e-01 3.450466528225446528e-01 6.214386679969665650e-01 5.105785389977293004e-02
8.898857940768349906e-01 2.612434124519844580e-01 5.149147843507108080e-01 3.519513126846798151e-02
9.536401819617952302e-01 2.753155839582205888e-01 5.497220457659490744e-01 3.791467976911969129e-02
9.359154632350152880e-01 3.606793555012373087e-01 5.059241921933812502e-01 5.965442907721097560e-02
8.851567751291158359e-01 2.924615610807160815e-01 5.835691099972148965e-01 4.037765950602175552e-02
9.633116549235894999e-01 3.323516088766843568e-01 6.240458103026833570e-01 5.626970580030878771e-02
7.513114988874832756e-01 4.778864743673368887e-01 5.507558100928848788e-01 3.906055440054181233e-02
8.454030202594841059e-01 4.589766677962314190e-01 5.106706147307700228e-01 6.495723986438693698e-02
7.767603406893566209e-01 4.099534859558348621e-01 5.656890111396470910e-01 3.500821763595467206e-02
8.405609645498769433e-01 3.895442276717408503e-01 5.955691489941598027e-01 3.834371653265747359e-02
8.060033665895615096e-01 4.690552666182009056e-01 6.242353937569424804e-01 5.297012855425230898e-02
9.435458114352434089e-01 4.508491417697231829e-01 5.279562039692576869e-01 2.493671467048313994e-02
9.092165782803071084e-01 4.180753336853357260e-01 5.798227638251628457e-01 3.765904484812224173e-02
9.834811276004178371e-01 4.093694246030171180e-01 5.749383971329811160e-01 3.728330365028986043e-02
8.884014620801052864e-01 4.771764628276154441e-01 6.001309575120619133e-01 2.820929070023870180e-02
8.100246649709860192e-01 2.912687998024059421e-01 6.704159546317067786e-01 3.321706083414066590e-02
8.681098976789567434e-01 3.386467624259654197e-01 6.535887354566056739e-01 4.361011294215971085e-02
7.661525974611045342e-01 2.547557005026266364e-01 7.005833562643029033e-01 3.134822711835671960e-02
7.766862302037643717e-01 2.972609751305504422e-01 7.478208005224994404e-01 2.884001104719489603e-02
8.428682691908097047e-01 2.727686616709958378e-01 7.358903138217541828e-01 3.775148288645604339e-02
8.222133523548493805e-01 3.362809413402448322e-01 7.159432047642647623e-01 3.195586558708649744e-02
9.871689687977317496e-01 2.815248613759221974e-01 6.999182014252870454e-01 3.811956482720849776e-02
9.272052929758848316e-01 3.273810485508714119e-01 7.112029792214343837e-01 3.821111230479401488e-02
9.935174507237631847e-01 3.412604476470181281e-01 7.426358442068834442e-01 3.544355970444558468e-02
8.159859235323251303e-01 3.979757094658296634e-01 6.816139122044319043e-01 3.892662006392528379e-02
8.362336287698250992e-01 4.176246303372697644e-01 7.446755530120025002e-01 2.980347470600940366e-02
7.754402009054131018e-01 4.472282605266297839e-01 7.447771637053423044e-01 3.781637501688305675e-02
8.265748035142128636e-01 4.792334915680990792e-01 7.139464928273491218e-01 2.965867956317978088e-02
9.215399355973802331e-01 4.371119768570250752e-01 6.890308530816475763e-01 7.389530206624338182e-02
5.803546071130499806e-01 2.430285855116792737e-02 8.003517256757821663e-01 2.691511889770513075e-02
5.276776866047966363e-01 9.966064726253782979e-02 7.975999961245771042e-01 5.532510963571121015e-02
5.198458392501714709e-01 8.847212389526966370e-03 8.200123498845207637e-01 3.856017764713673412e-02
6.225639149664001781e-01 1.156218404564865118e-02 8.282583016975404444e-01 1.912858998154133225e-02
6.119415571173326684e-01 1.117811517654556525e-01 8.345681394828508015e-01 2.746335602778548005e-02
6.337034039834692489e-01 6.799541395293773327e-02 7.706628765131576797e-01 4.816525864479528907e-02
6.666741992369082936e-01 7.631911713366702765e-02 8.729846932773585033e-01 3.573785082303362198e-02
7.399402772845659060e-01 7.310565838748848966e-02 8.707598728222808449e-01 2.658437359433256722e-02
6.145964258990012086e-01 1.505312303175426747e-01 7.812700579716894689e-01 3.721798178309591171e-02
5.389999829632130535e-01 2.131662786291181888e-01 7.736606815928480652e-01 6.125571635616225419e-02
5.313270881175694571e-01 2.354014836580402004e-01 8.427341018304917997e-01 3.090496240361568191e-03
6.422336849489154176e-01 2.312829479082527118e-01 7.833744396322244175e-01 4.401477096813256190e-02
6.785535191584800563e-01 1.284476389711786681e-01 8.189896731614059178e-01 4.025125639541215355e-02
6.515501966401811007e-01 1.921752581744896049e-01 8.505637672566106477e-01 3.428458092361739290e-02
7.193406659585322993e-01 2.052977091115341657e-01 8.151143169002598166e-01 4.333848849305415446e-02
5.811267933094833582e-01 4.774869405703205394e-02 8.784379944526479189e-01 5.462072626918256651e-02
5.908741719752583776e-01 1.559341008053308220e-02 9.645580634121997399e-01 3.782510354142141346e-02
5.237597676912950639e-01 8.304043754632337015e-02 9.679320052772804051e-01 5.738882255205442900e-02
7.111571361364386057e-01 3.409862427638706700e-02 9.377709592822526252e-01 5.347529040759574359e-02
6.291072288561213588e-01 9.317108705086382670e-02 9.581309717979448193e-01 4.890243827519283326e-02
6.990184738804596787e-01 9.387531693623979434e-02 9.948849379457324060e-01 3.009574868273177245e-02
5.755040466132305133e-01 1.647698521600499122e-01 8.974656314944187141e-01 5.917675939828592052e-02
5.023612454394202897e-01 2.146924724774884330e-01 8.816528662012563800e-01 3.078084168733797449e-02
5.822890520252981261e-01 1.481520760296746175e-01 9.933389792105934424e-01 3.125518334125896441e-02
5.754081956371883688e-01 2.481336873481349292e-01 9.478912199779842007e-01 3.825469494747310573e-02
5.806285586341043414e-01 1.942365696051505941e-01 9.712724242026601340e-01 1.982338188857751121e-02
5.745758404874357073e-01 2.231059593299035138e-01 9.974904863276028433e-01 9.690418005603600171e-03
7.238025907382630297e-01 1.541206902623883379e-01 9.106650543077475790e-01 6.515923676608066650e-02
6.474106161511002933e-01 2.220380696098012141e-01 9.116491066149164935e-01 3.383612995522574524e-02
7.043008692392640491e-01 2.479013840588656648e-01 8.796871926498462946e-01 3.547097998831534593e-02
6.431775206871915840e-01 1.706298736889146628e-01 9.415557739704770723e-01 2.129970045929528710e-02
7.474181287428480758e-01 1.517176023881162128e-01 9.891244703485456702e-01 1.355044814986026969e-02
7.008833955076781974e-01 1.698307728267304806e-01 9.996643373952316391e-01 2.809122058159881433e-02
6.408829360922497775e-01 2.172310617041604275e-01 9.911790016199104603e-01 4.610644992612851489e-02
7.246773909359354171e-01 2.481717718271408413e-01 9.701035256277946717e-01 4.567468529599322952e-02
8.549735514291900706e-01 5.372747008168892585e-02 7.573544816976072180e-01 3.099104007890401274e-02
8.342860269050111910e-01 1.756864908707601175e-02 8.062439167851624955e-01 3.321534201421749710e-02
7.856927161043054664e-01 1.153451620047868942e-01 7.970711055289323443e-01 6.989131174939508528e-02
8.653033954948025075e-01 5.375837209640243336e-02 8.579699451073493632e-01 1.485167705802469852e-02
9.132870006064586210e-01 8.030420420201916931e-02 8.105152255579096687e-01 5.227636696905837294e-02
7.850421072559904401e-01 2.268894938745103507e-01 7.655037587235744567e-01 4.178880964756207655e-02
8.397333933756199187e-01 2.124001258006484594e-01 8.050462896410044422e-01 2.700800885127433576e-02
7.839002439197693128e-01 2.180897233188817674e-01 8.311147235609545048e-01 2.429842888341103915e-02
8.281392282445085851e-01 1.972370034175509323e-01 8.632966984301650992e-01 3.422487058662647408e-02
9.319277924696104387e-01 1.520725882756134850e-01 7.675441086228308452e-01 3.342508525523110730e-02
8.783483947596287811e-01 1.599907800400651170e-01 8.178777386365183588e-01 3.504660780752138355e-02
9.836516312211134316e-01 1.446128292636973678e-01 8.566102534572480609e-01 5.351988308275704154e-02
8.062008299957492685e-01 3.367695189204578110e-02 8.849369850668490356e-01 5.181407426746111045e-02
7.943811373056728353e-01 1.055915084843718904e-01 8.940100214384447685e-01 2.084040625216356316e-02
7.938439017436151879e-01 3.236530518900792436e-02 9.718435717460174317e-01 3.598089109396913898e-02
7.605541072350475718e-01 9.278588744113255848e-02 9.783643738199542250e-01 3.331451805888838852e-02
8.212380694629285438e-01 9.297380773522984088e-02 9.467121559759139604e-01 3.513276278188841306e-02
8.353660829724047776e-01 8.060351495471071437e-02 9.997554238740683497e-01 2.036959958857776504e-02
8.691745769447829506e-01 1.031039568047379812e-01 9.791225854194268718e-01 2.202206179795092658e-02
9.652548651433148219e-01 4.945677374795623416e-02 8.911768224518791248e-01 4.068802281542491933e-02
9.382661633474292939e-01 7.654612163370363986e-03 9.275276885523932036e-01 2.093837434231055755e-02
8.968784846460462479e-01 6.753795931572105504e-02 8.901697217314905597e-01 3.004908334115201016e-02
8.794822029964672883e-01 3.171414988984355698e-02 9.601356824860672878e-01 5.046073711898414749e-02
9.950259879088051429e-01 6.558592952617715854e-03 9.455394747720986537e-01 3.469758491783812154e-02
9.593655662216630242e-01 4.333053353346154324e-02 9.982748053435331892e-01 3.882133595138374110e-02
9.319652435712466598e-01 1.139196493891840301e-01 9.431195967583612116e-01 4.854964530449330795e-02
8.553262380318039648e-01 1.276642399875378142e-01 8.853160044161814124e-01 4.320436174403290835e-02
7.804140837183316526e-01 2.429359429572645335e-01 9.039975425417063892e-01 4.037084918464713817e-02
8.292436269825298467e-01 1.919440175577094287e-01 9.964694306896043630e-01 7.594646355916383207e-02
9.117168650378194572e-01 1.872492996534514120e-01 8.981284650825255289e-01 3.984225473472838980e-02
9.711971367909734143e-01 2.059018407657610961e-01 9.086910933491889608e-01 2.191219551131502741e-02
9.112700334853212070e-01 1.587401724637003686e-01 9.822490791755258410e-01 1.240227115131475703e-02
9.799300165498571191e-01 1.817345411483768103e-01 9.995492714609112150e-01 2.290123409103134514e-02
9.375147709379321181e-01 1.894181749950711868e-01 9.665850803648962097e-01 3.029862411907153011e-02
9.945328474359990123e-01 2.255646826391107529e-01 9.775356422748372465e-01 2.827750101574579705e-02
5.331266674864501010e-01 3.435156767118698329e-01 7.999688910571005618e-01 4.489326655203860345e-02
5.915318559133336818e-01 2.802314317190399140e-01 8.579545605961027555e-01 5.859589780072550075e-02
6.304944139380317392e-01 3.084921589045398482e-01 7.785801384071270315e-01 3.423252841108354039e-02
7.162462549287621494e-01 3.261734275325176013e-01 7.562030074896183285e-01 3.696204685933261042e-02
6.780187251077351984e-01 2.775791933397399047e-01 8.278198280337996096e-01 2.855770022920537873e-02
5.266071707066715124e-01 4.536906885510768594e-01 7.542688193394411211e-01 4.734784530069204023e-02
5.214699342155427741e-01 4.142494534160813813e-01 8.440547156693180009e-01 3.926735554329165850e-02
5.773109106681906244e-01 3.757907306824220250e-01 8.530473234308134645e-01 2.906798682053395033e-02
5.933446843058968190e-01 4.538216987997228946e-01 8.240542234718408743e-01 4.518901465805803819e-02
6.857421679047012164e-01 4.822788721159868008e-01 7.692299382008571662e-01 5.878305839605399430e-02
6.778506919371701800e-01 3.762538569282081746e-01 8.441210043305487076e-01 7.126703638188533474e-02
6.720405785737331161e-01 4.875797461637463859e-01 8.686795504528052048e-01 4.126626484870087042e-02
5.175910179997870175e-01 2.687990240004876630e-01 9.117662531684201932e-01 3.298804596719573379e-02
5.202771312454896879e-01 3.430467557992212813e-01 8.836955928230979529e-01 3.982106031443950062e-02
5.910268553220455745e-01 3.541360571936892354e-01 9.511094173549121678e-01 5.854190850285129200e-02
6.631147240957484534e-01 2.920610695271205204e-01 9.229462668134232883e-01 3.881045696445276083e-02
7.401395428967723067e-01 3.135670561756480623e-01 9.144198730245896023e-01 4.160121987113162001e-02
6.867591237431137641e-01 3.588101378311798761e-01 9.509203090287783322e-01 3.732838523151466720e-02
5.090416210486160553e-01 4.156363272865336023e-01 9.287577167861893468e-01 4.635968504624048137e-02
5.733905808222462541e-01 4.172564565639941825e-01 8.905424417610631194e-01 2.607747397862835922e-02
5.236901480179689816e-01 3.865198818461264008e-01 9.968128826162323541e-01 2.904773741658563807e-02
6.353103783652939152e-01 4.401847588207803419e-01 9.264608056413259352e-01 4.132377917841147802e-02
7.141268009424258656e-01 4.395931660116843553e-01 9.247682173816599294e-01 3.751420358628410057e-02
6.927917668250727079e-01 4.600026280241695797e-01 9.710741876795422334e-01 1.726549018540166763e-02
7.429127376355684209e-01 4.882931166161851855e-01 9.789490728642689099e-01 4.082477148124074445e-02
8.213493938012008666e-01 2.718619873968604606e-01 7.923936123854082858e-01 2.177800498002480795e-02
7.860662361986938684e-01 3.687467087110530839e-01 7.795428735263718600e-01 4.808109455118073777e-02
7.596630240281860846e-01 2.882377557327558404e-01 8.287128332032034361e-01 4.988537782511961310e-02
8.297489895616846356e-01 2.551858664991488168e-01 8.384721361256175509e-01 2.792172131417553285e-02
8.197098164341312110e-01 2.938982197271440833e-01 8.739263148679893289e-01 2.548576507292551682e-02
8.393715096900294936e-01 3.190287363231240070e-01 8.212342550867151036e-01 3.589212622983285750e-02
9.356387532281510433e-01 2.580104686132468350e-01 8.054938685462781356e-01 7.916637019606330428e-02
8.750563138380931250e-01 3.595229543992143895e-01 7.640807393051122220e-01 4.272068036472613517e-02
8.661222281314157057e-01 4.822972618179776627e-01 8.111878235308219720e-01 6.766342056472250677e-02
8.692346894627701603e-01 3.761508317978681237e-01 8.374034901286120380e-01 2.837895867542753608e-02
7.623702905148087572e-01 4.415563896229254270e-01 8.195739858438294556e-01 3.832743259744412351e-02
9.577950764053407839e-01 3.944924212482709414e-01 8.124096817996070419e-01 5.928654007892608657e-02
9.845023247018652723e-01 4.929427513699784491e-01 7.778080324991361039e-01 4.843294760884975930e-02
8.616502077057663911e-01 2.510214429737335773e-01 8.941079240010929574e-01 3.621936029445910893e-02
8.252412833423790062e-01 3.081080910075287838e-01 9.479502369238036463e-01 5.003404870034745128e-02
8.733904780769203846e-01 2.720202659842784754e-01 9.788029392705556164e-01 1.655636251422349173e-02
9.381338564824063253e-01 2.668642179792886648e-01 9.369029318213416557e-01 5.258331904586927702e-02
8.766781759589428180e-01 3.194210725383002103e-01 8.813602553341870482e-01 3.486989480331707802e-02
9.427400943454792293e-01 3.293723034962324214e-01 9.038882737969053949e-01 1.671752680764278590e-02
9.810808950354593660e-01 3.722040504945429151e-01 9.038372849502572803e-01 3.766088309087102515e-02
8.900444468625936523e-01 2.544424481617852396e-01 9.946185368416657901e-01 9.169592009573825087e-03
9.037384488612097977e-01 3.522697100003984172e-01 9.423178335114185122e-01 1.403446560584606026e-02
9.522857127954104106e-01 3.458143220523736683e-01 9.602493250774796207e-01 3.095453678028725966e-02
7.975522772995642384e-01 3.815246796589939482e-01 8.799585793269967260e-01 5.380529032734354677e-02
7.741150234777157690e-01 4.660882775909233056e-01 8.937622297956826500e-01 3.502560102123047914e-02
8.540826359537158075e-01 4.496131956504669236e-01 9.142017101563016945e-01 4.110146291519255202e-02
7.689209089044147794e-01 3.922576414011881840e-01 9.888360020506435921e-01 5.917034448374586253e-02
8.617121920643054933e-01 3.868416619872629414e-01 9.613415913414797842e-01 3.777581541726208331e-02
7.994288639906705907e-01 4.557644505851353722e-01 9.503880457354108025e-01 1.939432219653618519e-02
8.350522514813450980e-01 4.414146704204411908e-01 9.761317598594115852e-01 2.420360646434535981e-02
9.037405662187144584e-01 3.879627132011159718e-01 8.956730162641289850e-01 4.020104288319550218e-02
9.642406910725045410e-01 4.773315786741993971e-01 9.096450588459646935e-01 6.862392363011847463e-02
9.294481392094434691e-01 4.044277660811596009e-01 9.723096702456203166e-01 3.308043747171483806e-02
8.912595034003453209e-01 4.581408408896137097e-01 9.777833788257103143e-01 3.306117320881406946e-02
9.628732369615270459e-01 4.389139515684580273e-01 9.868827656388072800e-01 1.671353139437760371e-02
3.709319960845591790e-02 5.260990166750396657e-01 5.255699284708139629e-01 3.473944817769101384e-02
6.483813222740290871e-02 5.993528237833979366e-01 6.067300479546987590e-01 7.760251489582223328e-02
2.276063501253216548e-01 5.340019392830815947e-01 5.193962959271430924e-01 4.093428922033531120e-02
1.426804294137458962e-01 5.779862240580065924e-01 5.453039257413904162e-01 1.851254736935354153e-02
2.070505181837619946e-01 6.049359199161936651e-01 5.010723761324178405e-01 3.408074375197639450e-02
1.864640284792317415e-01 5.554397046163966900e-01 5.936686451185302360e-01 4.663749625420231248e-02
1.005060052606270016e-02 6.357918700393615508e-01 5.158497896422522544e-01 3.459854020080441184e-02
1.102282462066392077e-01 7.161653070335646243e-01 5.387613963184048060e-01 4.988995707417157727e-02
5.676840434105789347e-03 7.122257848317830042e-01 5.668498960430397027e-01 5.596099876254249927e-02
8.320356019139633907e-02 6.910062431218784162e-01 6.038210601570852543e-01 1.460253836474469796e-02
1.744921381349129885e-01 7.005367936275576080e-01 5.073484491475621638e-01 2.332906066382704410e-02
2.313323300786934711e-01 7.106674810466120373e-01 5.374292967690716960e-01 4.177547794527614738e-02
1.748765551774356386e-01 6.458553787052927486e-01 5.657049850992773576e-01 4.871145606882332224e-02
1.749643454091009964e-01 7.295012820550059729e-01 5.901085396395283622e-01 3.334643240565629552e-02
2.353236814445944514e-01 6.894680901167683507e-01 6.198281643800587215e-01 4.340509653609320173e-02
4.414299775593988340e-02 5.119421066603314641e-01 6.991490799762485331e-01 5.128628102278132844e-02
2.173535291620717069e-01 5.355709238995838284e-01 6.572390889589695417e-01 2.415507521860464635e-02
1.697897638235980888e-01 5.961975789235940404e-01 6.805619118980217319e-01 5.077763034922159330e-02
2.464339374164486451e-01 6.144933370171942189e-01 6.439147487123209057e-01 3.613011530426459006e-02
1.865184965144034424e-01 5.315419466929711678e-01 7.416840002481046579e-01 3.976197792851915436e-02
1.195231467022694755e-01 6.379304304793305125e-01 6.820180876218687738e-01 1.076035382843413060e-02
7.777311184369742857e-03 7.242087982663730772e-01 6.623074369478900714e-01 4.027614081150623915e-02
7.831563608163509549e-02 6.941425586827861816e-01 6.764798115735545236e-01 3.770778181425075287e-02
1.443773135973358719e-02 6.530141713433245121e-01 7.078214772221655959e-01 4.448828879250968371e-02
9.688609732136953256e-02 6.273444184955203617e-01 7.374648324630738161e-01 4.681136178143513460e-02
4.762807481148619709e-02 7.404896525687343356e-01 7.494628266675983363e-01 5.403607829197069196e-02
1.532016693840650701e-01 6.828063291928930800e-01 6.473198268392078569e-01 4.346526037966288308e-02
2.383584929033719380e-01 6.736291831685530251e-01 7.230352935960827621e-01 6.106397221319466440e-02
1.388297206617427615e-01 7.082206879450971826e-01 7.304125306393232098e-01 4.456767051889744258e-02
3.124420871577609504e-01 5.188395615774583636e-01 5.534302640729863443e-01 5.172390317023416867e-02
2.791149429631357703e-01 6.236894286708509760e-01 5.557832327705950481e-01 5.832194398968098409e-02
3.370513752661559170e-01 5.805856851141621977e-01 5.123757161377270331e-01 2.408340368013054192e-02
3.496264031871842981e-01 5.858070065604916721e-01 5.543819435785517502e-01 1.903537116210619190e-02
2.616511969659496284e-01 5.571577482968749218e-01 6.126471306683056728e-01 3.092720639587746845e-02
4.145254233818313483e-01 5.461518539918329695e-01 5.323889318325640829e-01 5.602631283305485599e-02
3.821019845414753702e-01 5.021924005352340625e-01 5.989592569150050672e-01 3.009926793416935892e-02
4.432636313130800532e-01 5.394285314174934731e-01 6.103134236633014353e-01 2.730693818145996793e-02
4.285092625700884783e-01 6.200642917411447463e-01 5.955666087290193422e-01 4.221593420286246651e-02
3.148251621781550380e-01 7.121303715100903986e-01 5.201118636567299003e-01 4.351034482176067281e-02
3.715437903652848428e-01 7.143004750733671360e-01 6.187699778988210442e-01 7.032094803906509262e-02
3.769649930449707753e-01 6.392287625285574260e-01 5.286367501496522792e-01 4.441640779282588630e-02
4.461457515968246246e-01 6.856633410245974725e-01 5.426221432958395763e-01 4.007166548157727742e-02
4.868649844387042402e-01 6.785082457642629405e-01 6.139914454910552211e-01 4.241088044596237616e-02
4.776968734281162865e-01 7.439758809067579248e-01 5.756628882532953684e-01 3.400676192385634899e-02
2.591274441708658616e-01 5.109838073361886446e-01 6.396257434954477628e-01 2.261298937538923012e-02
3.496147000901185797e-01 5.771702850672854046e-01 6.357391290618463753e-01 5.570337558042769144e-02
2.725634811313991102e-01 5.624471870086712455e-01 7.147235178855656512e-01 5.556028092762287096e-02
3.613125555110116016e-01 5.483049947612099739e-01 7.155539610921285432e-01 2.921249029657783589e-02
4.149613621271588948e-01 5.024235553521138042e-01 6.719836418684996815e-01 4.998506933578381745e-02
4.541279116765522539e-01 5.797279414746131510e-01 6.511788019841616704e-01 3.111318844064115199e-02
4.506104187496171587e-01 5.438151220734340763e-01 7.132117903549033411e-01 1.845390821108999074e-02
4.158792452207547008e-01 5.791762771296268264e-01 7.018666094915141374e-01 3.239312194736353179e-02
4.715663312062538526e-01 6.001223360082664771e-01 7.477551021410224763e-01 4.274860043846667040e-02
3.030628613376502023e-01 6.497146707489445117e-01 6.534936509587512266e-01 2.976216028381809334e-02
2.852709253413120427e-01 6.879817478592622493e-01 6.449248187954627065e-01 8.342129041507105255e-03
3.110289511031916754e-01 6.951466495719401673e-01 6.869886097353994359e-01 2.287429168255914955e-02
2.785941007400098979e-01 7.308250157745443953e-01 6.635876319689166802e-01 3.072310533650992118e-02
3.550409263942360116e-01 6.417431699691461544e-01 7.331828339772904490e-01 6.033451851742144267e-02
4.340906814902877886e-01 6.431361146935723472e-01 6.731639078540824217e-01 3.893480913552804790e-02
4.631723829069765985e-01 7.276806118643343035e-01 6.687547727302911582e-01 3.491419529075995287e-02
4.883589744818097045e-01 6.780731431855353541e-01 7.209469182742899163e-01 4.138069696126926017e-02
4.120199747645895139e-01 7.193473051382361927e-01 7.186568908309530768e-01 3.704016407690487178e-02
5.587793511983225880e-02 7.738720065170540119e-01 5.356500116737643591e-01 2.944331584555688608e-02
1.206655901448531465e-01 8.039299754179795032e-01 5.512801097537819439e-01 3.833974902844590471e-02
5.503276248939694033e-03 8.401696644183928031e-01 6.012388187994711641e-01 7.655123625982247770e-02
1.946665356392713597e-01 7.868706942076474364e-01 5.156175534843543407e-01 4.556030050583374791e-02
1.726088924257859480e-01 8.689342630672109991e-01 5.478705657972015031e-01 3.662222319264502035e-02
2.154699354656062493e-01 7.687874431837962153e-01 5.804645631207153711e-01 2.388553751921232426e-02
1.801990492059019067e-01 8.134891492284782588e-01 5.881150707353950402e-01 3.199194077781334494e-02
2.901369015045215244e-02 9.346235504670761252e-01 5.461446094935372697e-01 3.530054167657302455e-02
9.104890401368298525e-02 8.813440344645411262e-01 5.133925699907406770e-01 5.279693742891749392e-02
9.339912364226030106e-02 9.763751185513563913e-01 5.505194142869181961e-01 4.030080365343671062e-02
1.246091856027637945e-01 9.087048005960033370e-01 6.024351810920444139e-01 4.622244249433683089e-02
1.582638292700598859e-01 9.476477083812081537e-01 5.093905479820075577e-01 4.170500347185954887e-02
2.199582978228152019e-01 9.905387591529292157e-01 5.268648427400651757e-01 3.424395228635205429e-02
1.465662282911701919e-01 9.939781573982325868e-01 6.066700340904113142e-01 3.887290034305133229e-02
2.027602018064069977e-01 9.386198112102438484e-01 5.783369854148348033e-01 4.086086886841838739e-02
4.791883408888913953e-02 7.764309638944082437e-01 6.766753043350460795e-01 2.714268162296802969e-02
1.058788726860798723e-01 7.617988889569864419e-01 6.276787114750609353e-01 5.015249139026829728e-02
1.240949323567635543e-01 7.961061245613905157e-01 7.154150089496063014e-01 4.579875861448521462e-02
4.048349829787269843e-02 8.313281849097230447e-01 7.087877444705714680e-01 3.689348705635762948e-02
2.043879543663023879e-01 7.726855712640972040e-01 6.605079734655436852e-01 5.425325771281534065e-02
1.428850958915456604e-01 8.392924714934584252e-01 6.457288623491874713e-01 3.760371619866027804e-02
2.308719232151163203e-01 7.771107918252784241e-01 7.444663964603049910e-01 3.389624102889699647e-02
1.985647933222421946e-01 8.274472233813072730e-01 7.229378380223226985e-01 2.805136653614710360e-02
8.301187407602773904e-02 8.817209820639341222e-01 6.740414705275645790e-01 3.762593644922505864e-02
4.359934380461673309e-02 9.628299204604143791e-01 6.309972889954571507e-01 5.530719356509087442e-02
8.979406560952930480e-03 9.116355960683764081e-01 7.146633734565125406e-01 4.871403028579270045e-02
6.917857872692984023e-02 9.477876932176605429e-01 7.155158840546747001e-01 1.351535026755684016e-02
2.213791416373679100e-01 8.904806326909846526e-01 6.620854738548900276e-01 5.752451515318805775e-02
1.418507921121745508e-01 8.755811570240107367e-01 6.983681997366910643e-01 2.634228891972126285e-02
1.807094546610914232e-01 8.818671033393642444e-01 7.411096301627274618e-01 3.176814665262796267e-02
1.351219364695960823e-01 9.554756520981736445e-01 6.906736954062808742e-01 5.420378842248445989e-02
2.154268722087752663e-01 9.599752298300885389e-01 7.143789660504618055e-01 2.965112131196718723e-02
2.595792506156210933e-01 7.702664756200235940e-01 5.402590771174875517e-01 2.424231423086265283e-02
3.247320653149679548e-01 7.830777400351089934e-01 5.525689202541865797e-01 3.513589597838070316e-02
2.739655934224227152e-01 7.591855235045297245e-01 6.004611711278314834e-01 3.864077237395663333e-02
2.590606814353297316e-01 8.450446363454419130e-01 5.663414173046444899e-01 5.495815562737155907e-02
3.714167347697920341e-01 8.288353063471083360e-01 6.001549322262301756e-01 4.572327936297001377e-02
3.992552106173110626e-01 7.896587762614153405e-01 5.227165621742642099e-01 4.541972004483843528e-02
4.632773881644747793e-01 7.829165632149700516e-01 5.078739750852104828e-01 2.065161168039483797e-02
4.671898483388099432e-01 8.047843547105298923e-01 5.546905824214820591e-01 3.117253887136640228e-02
4.499695195400741921e-01 8.528790748253527454e-01 5.152794746209262700e-01 3.334789900654840100e-02
4.342104105173860140e-01 7.881476731517813583e-01 6.029499946314784697e-01 2.615530104820653137e-02
3.684582657900386526e-01 8.787821840241968330e-01 5.250424788087283412e-01 4.453086972004499655e-02
3.001637732252907531e-01 9.508074239858059773e-01 5.624002192421638791e-01 5.859258309875970544e-02
3.697531203771561858e-01 9.091159018481348442e-01 6.092315097270291080e-01 3.509378772260395019e-02
4.686301696460425936e-01 9.145073842005689846e-01 5.303910177970962980e-01 9.173180279901382850e-03
3.981123483531955887e-01 9.517528628901184007e-01 5.547701144031443876e-01 3.966062614714205986e-02
4.991448309387471749e-01 9.429144646688193410e-01 5.080753754971403247e-01 3.764309339939289623e-02
4.776929161977511162e-01 8.930916505177121101e-01 6.109363110245213946e-01 7.405737212177787576e-02
3.587671355777840021e-01 7.808510959282053410e-01 6.653277709797558170e-01 1.009246615236024033e-02
2.928240881593103251e-01 8.176755953209540184e-01 6.566417125081245310e-01 4.462668552590796228e-02
3.590879428156265596e-01 8.696568497564430844e-01 6.625189497703548591e-01 2.982780915044592335e-02
3.214786954053943657e-01 7.588795390208361580e-01 7.370222924356241156e-01 5.882684549886779690e-02
3.368987614056736524e-01 8.430652186141023297e-01 7.117949959715660357e-01 3.040328309306350452e-02
4.887559660465107259e-01 7.864761090014547040e-01 6.375852546265935450e-01 3.639553527191782129e-02
4.155432539656349622e-01 8.097268863996436306e-01 6.914073547377460605e-01 5.742746113637754724e-02
4.655518920634901803e-01 7.532287047439817362e-01 7.479579166168552895e-01 3.276080444787167478e-02
3.087336383350473556e-01 8.858176555162673438e-01 6.251096088800038864e-01 3.212458524377235364e-02
3.524248783413752584e-01 9.254385173673902454e-01 6.659845325868559707e-01 2.645949147913557661e-02
2.961369863748633535e-01 9.401197727799271986e-01 6.574697057585734417e-01 3.233145564220373663e-02
3.167742142903697267e-01 9.029547390751958558e-01 7.077841649276646052e-01 3.291162168838062535e-02
2.714198387757280617e-01 9.441207476878628047e-01 7.129820541839985149e-01 2.856664237102921750e-02
3.251707446918527533e-01 9.592551918618986706e-01 7.051015242613408729e-01 1.997133115105680437e-02
3.484977514384215991e-01 9.836621162345231539e-01 7.274528581805413951e-01 1.848800991793091500e-02
4.000837906423947987e-01 9.370227120299354784e-01 6.521420477396726589e-01 2.418228255705282340e-02
4.445483090933183834e-01 9.850228838539440979e-01 6.708717770024498206e-01 3.162966158125021798e-02
4.465112541782796929e-01 8.756056586293261557e-01 7.486452931012316236e-01 3.517925921424487623e-02
3.967799467264081503e-01 9.380745521160265277e-01 7.242885342299779650e-01 4.788483985759769967e-02
1.037104191092836775e-01 5.304766967182485971e-01 7.817745669127874608e-01 5.225191770353521115e-02
1.946917974003332247e-02 5.812265600187753734e-01 7.649338314365216052e-01 4.739677239761758837e-02
5.828031074853831650e-02 5.701701960234156763e-01 8.120557953633412707e-01 1.431441323548818430e-02
7.427975264742013584e-02 6.071182335798877006e-01 7.998517863695563390e-01 2.255923189053357647e-02
1.239840327825910277e-01 6.044422059237014588e-01 7.991319776200900282e-01 1.903836706266021778e-02
2.373071356425544148e-02 5.399074007641989636e-01 8.426097906248360969e-01 4.069708881204388284e-02
8.756200047181754431e-02 5.824849684125239513e-01 8.519860534837104815e-01 3.661170010863622898e-02
1.746491133479503299e-01 5.145856172388543204e-01 8.007652613215168191e-01 2.284087725030860619e-02
1.747165544702922457e-01 6.119807562599884898e-01 7.675926074925564224e-01 3.770727641758648413e-02
2.229005817846986537e-01 5.698101051466111233e-01 7.638298590361883855e-01 1.329436770609095098e-02
1.777615907231361592e-01 5.730498487502382332e-01 8.506760403123323488e-01 5.409548406975547841e-02
3.120195551428071520e-02 6.640037978247689265e-01 7.792010915638185597e-01 2.965694203780780414e-02
1.058687700781770769e-01 6.814137717425367002e-01 8.353526531640129704e-01 6.537880075541344094e-02
2.369345888879172829e-02 7.113899930004483618e-01 8.175633803025567081e-01 2.375382216477396266e-02
1.705135870726424141e-01 6.713693561538457422e-01 7.766538026412224127e-01 2.251545073705128047e-02
1.925263299554551000e-01 7.333994013559270719e-01 7.952934263813934423e-01 4.333626439120744078e-02
2.139501764259344185e-01 6.557712227905199143e-01 8.205947242551425713e-01 4.107775698508566581e-02
2.369354290950908548e-01 7.184828822985371843e-01 8.498560270431693153e-01 2.428442463301317897e-02
7.063359366235730241e-02 5.311161172104242878e-01 9.210718122425013421e-01 5.113850829692873079e-02
6.827877358510077432e-02 6.225870716831507501e-01 9.150372054390297771e-01 4.056213001802493057e-02
3.044869841631733451e-02 5.297814651421396404e-01 9.844248656407168507e-01 2.390510285074305338e-02
1.011451613413989620e-01 5.384599830385442543e-01 9.733159739893283424e-01 6.942021813559183172e-03
1.838534544800204118e-01 5.377552177288630331e-01 9.307262969017991994e-01 2.959343680163574811e-02
1.377028808091535494e-01 5.764904345805014207e-01 9.303776008440531875e-01 3.023050374528333042e-02
2.081120412368993311e-01 5.915902944055393409e-01 9.334786408397354185e-01 2.121590026870018644e-02
7.953230298290636657e-02 6.862104325065762067e-01 9.179642046405899203e-01 1.722232650564772122e-02
1.711781760402898353e-02 6.850780263392827196e-01 9.378810654700203697e-01 4.327626722264725501e-02
7.346779026924100953e-02 6.772131122939782921e-01 9.805145614486431294e-01 1.670906980263937511e-02
2.323870251535227471e-01 6.363897054534632947e-01 8.963132881085579262e-01 3.922897358631861897e-02
2.159975045039688180e-01 6.979091270789291590e-01 8.852925235084074806e-01 1.983001526313108928e-02
1.542852049583816609e-01 6.665173101628726338e-01 9.600961014860893705e-01 6.601399614545579164e-02
2.439984162069935292e-01 7.250014892822118640e-01 9.509164005530740260e-01 4.147254160076593171e-02
3.425117914157106980e-01 5.500732962156431594e-01 7.915017359491390847e-01 4.904772412286744626e-02
2.753707479201587538e-01 6.156297227632206992e-01 7.755826695055555442e-01 2.470761224692608407e-02
2.546088022178839561e-01 5.672570847562741214e-01 8.045670839674027297e-01 3.511790653940450452e-02
2.902775407160597121e-01 6.093043333889313073e-01 8.279049651388261655e-01 2.464085880125912315e-02
4.415790193610885650e-01 5.217336856210323948e-01 7.714246155255871651e-01 4.445822171562262975e-02
4.092442003919142257e-01 5.722843196070898086e-01 7.993229889315690562e-01 2.171752577824752686e-02
4.176643437191108754e-01 6.165788793820798919e-01 7.859234471629087393e-01 2.531926869063491972e-02
4.159322852786697666e-01 5.379120338651005584e-01 8.638058594265642931e-01 5.165978974465450235e-02
4.849605692567447446e-01 6.054998404190876649e-01 8.408102893974251923e-01 4.764804996801851739e-02
2.531796141773648978e-01 7.387630929485493603e-01 7.981617063979883353e-01 1.543219044701640320e-02
3.617183558093705065e-01 7.062768866972461979e-01 7.921901009896150647e-01 2.737176934449507548e-02
3.691016739571914562e-01 6.341872330727671425e-01 8.492328269002328289e-01 5.639155099765984225e-02
2.927338683763449634e-01 6.924664197995870074e-01 8.134566554933176930e-01 4.612630829313402875e-02
3.750156853033106974e-01 7.350858005567800779e-01 8.572278206166188408e-01 4.500071306319289310e-02
4.466734017966053627e-01 6.822151119544042075e-01 7.994022881457814034e-01 4.756963289051517607e-02
2.920756685098466199e-01 5.334827617453501425e-01 9.096316296999077400e-01 8.047997408221409243e-02
3.489482785081700622e-01 6.150211919462560406e-01 9.413264801121793424e-01 2.387059527884884125e-02
4.840271076478805945e-01 5.148169786691750849e-01 9.302801214970891630e-01 4.517154045256203954e-02
3.989659934045590162e-01 5.164316451997531532e-01 9.686041138237697634e-01 4.279185731038274293e-02
4.404551827570291622e-01 6.174930385129928645e-01 9.498214026450143566e-01 6.806624745500626517e-02
2.975115057900756255e-01 6.332824237993075478e-01 8.939352448423423247e-01 1.826879435364293230e-02
3.556358443001457759e-01 6.721562488488445064e-01 9.308263481271704665e-01 3.461141436486544348e-02
3.010052997361738480e-01 7.078505342430536640e-01 8.967709733250631698e-01 3.900393247836516503e-02
2.854971716401509818e-01 6.482149128487734169e-01 9.612818785621480844e-01 4.551560461747619635e-02
3.168927862796102057e-01 7.240730177056201589e-01 9.646591702921972766e-01 3.250720359553211508e-02
4.945757230072829747e-01 6.730622302188202788e-01 8.805653725895423722e-01 3.008024951856792112e-02
4.336236838145695605e-01 6.885022023075624276e-01 8.784821770999337032e-01 3.283407300254144456e-02
4.539472209531765223e-01 6.956706656731794780e-01 9.222248420639480582e-01 1.593122031266207966e-02
4.081369687334236440e-01 7.343000644136912225e-01 9.438919279976026866e-01 4.779070621668391611e-02
4.927727244821090286e-02 8.129500396658709827e-01 7.790720008999308943e-01 2.426240381330361379e-02
2.235991162513296764e-03 8.549717603181348213e-01 7.831121108265844954e-01 3.894882574874646008e-02
2.377498093721217703e-02 7.822459968436705768e-01 8.167379664782868920e-01 2.673565443039640707e-02
4.835808221971412552e-02 7.862155319160782918e-01 8.669596064995717111e-01 2.922170649505826875e-02
1.005639375800421870e-01 7.885724224749669498e-01 8.162357664543020697e-01 4.360631071623778665e-02
5.203458246467865950e-02 8.435935402040305453e-01 8.405731392954466363e-01 3.369282366292277592e-02
1.219966988056715856e-01 8.514641844934839332e-01 8.731712860494768025e-01 4.389534820508060597e-02
1.843797128847981526e-01 8.258010110854312469e-01 7.998988637831120352e-01 4.955325444092647386e-02
1.836571657906794497e-01 8.340631279847613433e-01 8.600346448081923612e-01 1.039311792128810343e-02
9.522142190242267878e-02 8.801518826533487605e-01 7.686739386654842798e-01 5.780762762974799712e-02
1.002608684229293751e-01 9.818449087602130199e-01 7.792416153647917509e-01 4.456444365761554061e-02
1.115073979691641459e-01 9.368988959579833686e-01 8.571101914605669947e-01 4.367830870958158002e-02
9.940788510016762211e-03 9.470619309166247168e-01 8.261496037706712592e-01 6.299776620182057085e-02
1.664790927735166903e-01 8.972993676894266413e-01 8.058895371403821395e-01 2.440669361416824765e-02
2.416861648900030524e-01 9.296125157872189293e-01 7.580407440223472237e-01 2.688027465746094941e-02
2.141293433761109477e-01 8.943158450884582944e-01 7.868901234911724885e-01 2.626799829560858696e-02
1.803678748062249870e-01 9.456235903110215002e-01 7.698039252133160870e-01 3.749308503258926006e-02
2.298682319915305305e-01 9.580391490401956034e-01 8.087670975603457046e-01 2.299833759291835047e-02
1.643939956339934283e-01 9.367979284726645206e-01 8.235957813211955969e-01 1.893524587333856452e-02
7.249088349031591882e-02 7.797028461660230336e-01 9.619076159649431190e-01 6.896147474297116553e-02
1.767898541558018954e-01 7.667944573490113047e-01 8.900517490230996920e-01 5.837499184787392492e-02
1.831353557563393242e-01 8.381793294386488125e-01 9.459822041296228612e-01 3.254408526210493535e-02
5.205619589887999082e-02 8.981891179041521234e-01 9.273425444021579089e-01 5.615541970691166618e-02
6.607235364252693477e-02 9.974050521056723184e-01 9.037791183597186917e-01 4.522362787138880375e-02
3.656639828360803979e-02 9.690968759689297940e-01 9.578733406820632013e-01 2.258652611345435962e-02
1.360460300259762612e-01 9.238912742078723150e-01 9.272928116692921163e-01 3.169082553471144065e-02
2.204096632958837398e-01 9.030612253424892266e-01 8.798487706133870656e-01 6.732261574089166978e-02
1.443394168804913169e-01 9.891773332077643532e-01 9.180798183223201070e-01 3.476393348111267434e-02
2.406854635905231465e-01 8.792304659123197919e-01 9.988193526079506279e-01 5.571736645665670978e-02
1.819058278131564788e-01 9.552843319774563247e-01 9.769842612125385628e-01 4.286695136254887323e-02
2.675057776889657735e-01 8.524450709383794011e-01 7.516625454431341558e-01 5.018354683703215441e-02
3.729434432136337629e-01 8.450175944726683319e-01 7.874989074871479033e-01 5.346762960179433227e-02
2.864511607695738316e-01 7.957307867572769311e-01 8.475038391181480835e-01 6.279313245668197152e-02
4.042969250096064560e-01 7.528375214766358514e-01 7.834655475193583740e-01 3.632402118255160378e-02
4.540422210382822343e-01 8.056935229654962338e-01 7.922676559192665113e-01 3.679723321857572560e-02
4.094514000881175897e-01 7.899949325979084280e-01 8.315940690880051500e-01 2.470375038565996578e-02
4.727817705556419670e-01 7.658057665084270216e-01 8.717444545157653213e-01 5.408766311996183324e-02
3.168436519701101073e-01 9.371691521872197450e-01 7.881378151883792205e-01 5.442670382206920426e-02
2.812325246600444473e-01 8.762121026283903324e-01 8.191699218743440092e-01 2.269019221827572874e-02
2.998817357472502443e-01 8.764414453794004967e-01 8.570798812244317944e-01 1.950491212451974446e-02
3.562472051071746693e-01 8.963842243021696854e-01 8.618175505882983423e-01 3.840782154134793347e-02
3.717656316929436322e-01 9.686444948010329847e-01 8.527813965447247346e-01 3.605303373255374505e-02
4.133842212444754360e-01 9.252125478082441346e-01 8.083309473750179830e-01 3.874335965300650109e-02
4.067828301495551857e-01 9.873498136612527398e-01 7.776786003344599019e-01 2.389081961690631487e-02
4.858866358026999177e-01 9.497998353903248647e-01 7.632813213675122554e-01 5.008821077660249171e-02
4.105722296431929541e-01 8.758009138652137482e-01 8.456007641124458907e-01 2.190690603112662935e-02
4.858985940905503620e-01 8.765561683191533948e-01 8.386765578735966287e-01 5.370485586768479480e-02
4.905187070437038721e-01 9.588966180708455855e-01 8.292170172841194509e-01 1.640502404805991785e-02
4.441595532727080076e-01 9.922874255028428792e-01 8.393007473561396869e-01 4.130021370871718445e-02
3.441228871671678791e-01 7.971845485510049567e-01 9.354011363888207198e-01 4.235563305863685596e-02
3.009350370581952983e-01 8.613028693136073333e-01 9.278773686032745216e-01 3.532199537598131739e-02
2.500423371933256367e-01 8.077080822167976848e-01 9.399415984760013387e-01 3.716119158814639584e-02
3.261561696821764778e-01 8.470566046851653041e-01 9.928650634025251165e-01 3.583019176841757691e-02
4.176510372830049000e-01 8.025117675913697735e-01 9.236881245328610879e-01 2.318817307979508316e-02
3.887058696208712805e-01 8.287170212315657647e-01 8.763919748432806855e-01 3.804961617294225912e-02
4.412880951241865413e-01 8.599589501509973255e-01 9.091480561232697655e-01 3.133648507510287257e-02
3.101121753078542320e-01 9.490171659755874956e-01 8.782444787278042009e-01 3.349045162283548899e-02
3.169683939849350929e-01 9.314357085307392037e-01 9.488839662275588838e-01 3.962725066062340595e-02
4.238110499904024220e-01 9.261033350930457653e-01 8.885775149304617759e-01 4.010469786661226971e-02
3.751775333914584287e-01 8.778660039051300323e-01 9.361487944017137242e-01 4.050000919845030828e-02
3.860284658668733382e-01 9.822608906246744764e-01 9.209709908342363915e-01 3.493412091498367122e-02
3.768856227924756164e-01 9.369286978044546466e-01 9.517311406109288940e-01 2.060868825744160970e-02
4.479587695659495439e-01 9.076848296217573386e-01 9.667925980049695278e-01 4.380003040349639970e-02
4.188257179650598516e-01 9.594847332120396421e-01 9.900825716346711713e-01 1.974035440103884612e-02
5.805659672197986954e-01 5.434421938453295464e-01 5.082063750111850409e-01 3.433425354926682160e-02
5.847155478411291130e-01 5.012760293073844631e-01 5.741294576607456346e-01 4.090341705264929906e-02
5.191655900160253578e-01 5.789407635485566139e-01 5.705215955324437482e-01 6.007632860089066884e-02
6.305398703010614003e-01 5.229474935020960169e-01 5.358853064074344807e-01 2.260165827091284441e-02
6.891343617759247975e-01 5.263320142174563454e-01 5.579193266623210246e-01 4.009491582733237802e-02
7.050725009126391774e-01 6.248600479887767012e-01 5.609251273511309810e-01 4.163807065902842830e-02
6.535897577697290517e-01 5.330715773853590411e-01 6.177335993246059198e-01 2.967279847235537033e-02
6.258584078081592672e-01 5.855499513889602659e-01 5.657613702683100820e-01 4.692789098701582312e-02
5.110170817370826013e-01 6.621226058881303222e-01 5.389918957358916796e-01 2.863639804763284946e-02
5.750360081789798183e-01 6.474854876736654274e-01 5.390945441849329667e-01 3.377224149176566437e-02
5.902897061087997166e-01 7.135286423792924770e-01 5.191277012151432890e-01 3.648045014887220383e-02
5.490477090444055852e-01 6.991702469196989789e-01 5.745435053519887258e-01 3.407650710574645914e-02
6.351538318682905526e-01 6.835858874996444401e-01 5.946905761584838634e-01 5.571927928193042695e-02
7.269965728617242551e-01 6.992564773054674720e-01 5.825844133567662508e-01 3.823462460822664444e-02
5.173803120696476299e-01 5.285867966195285650e-01 6.832031721494676857e-01 5.631709924900862169e-02
5.880650693316621380e-01 5.521797641389560862e-01 6.303690274756355016e-01 3.503307397723717104e-02
5.993740491368273471e-01 5.599143068856250460e-01 7.128712545722112326e-01 3.633707559858979225e-02
7.272957971627018736e-01 5.543025296861209261e-01 6.258587168372822251e-01 4.269993550810264465e-02
6.440588687031352233e-01 6.008177197728111762e-01 6.428628346701277252e-01 3.349549605405630071e-02
6.773126529274592356e-01 5.547985795013044008e-01 6.949840124176166478e-01 4.260639204382525580e-02
6.390544594235971765e-01 6.152505276687757485e-01 7.048184010753792972e-01 2.961002430450999576e-02
7.446250944594094978e-01 6.014585656380303513e-01 7.354434577188024846e-01 4.875044309743982451e-02
5.610881091168355983e-01 6.343942553282774233e-01 6.672349501914001113e-01 5.903603755494167549e-02
5.456649228946199859e-01 7.340749873846323936e-01 6.540287748154843817e-01 4.269261992473304124e-02
7.159412172045087619e-01 6.433231380449550008e-01 6.503523590079346439e-01 5.032782751611052791e-02
7.166505980891522132e-01 7.441553128158711061e-01 6.426401122093493568e-01 3.746109190047006848e-02
6.450271541138251630e-01 6.873502154606556669e-01 6.934674919162376883e-01 4.362271118845281043e-02
7.539749869754558409e-01 5.600346395097782759e-01 5.275053670730097677e-01 3.707610838957596522e-02
8.231986691413586410e-01 5.167927954578089844e-01 5.663831364657184730e-01 1.560895799631552457e-02
7.906193023690639698e-01 6.103498030611707037e-01 5.889750398456419234e-01 4.956249303208932339e-02
9.288665643807808570e-01 6.243626266033015515e-01 5.177218664062100961e-01 4.538720621495643398e-02
9.876054160856420072e-01 5.730778771220965684e-01 5.309979134340826468e-01 3.371332629367390643e-02
8.806556938875195195e-01 5.575130201410384290e-01 5.784111025926140792e-01 5.537129653550823538e-02
9.757392086473651860e-01 5.010803623156385722e-01 5.868633570076426942e-01 5.552420372119257208e-02
9.588327841723475187e-01 5.930423267335495074e-01 5.851389482471129888e-01 3.076739362822683913e-02
7.716282308118824762e-01 6.707611669288470191e-01 5.080228870747752756e-01 5.321868179898660289e-02
8.543344360694627992e-01 6.531923866478889229e-01 5.448349639624022744e-01 3.900427629069729007e-02
9.130586495999455376e-01 7.077343114521599254e-01 5.366662349013207045e-01 4.155968428258698111e-02
9.150670956715584170e-01 6.519289906784029309e-01 6.022258022045251513e-01 4.456724539255402934e-02
9.628341476858108816e-01 6.510717703218379393e-01 5.626625836138194892e-01 1.605340248572784817e-02
9.191556366816144852e-01 7.467192230505173001e-01 6.215755749851118450e-01 5.207299796486423299e-02
8.074704688071110414e-01 5.486466210626694817e-01 6.359878274864243508e-01 2.596093901032297049e-02
8.637321004340580144e-01 5.241056906800333204e-01 6.600934326904901450e-01 3.449365982242995343e-02
7.802515503657770912e-01 5.844964302383003352e-01 6.658639995588149230e-01 2.785155214568127424e-02
8.548087903847494395e-01 6.173644018686275103e-01 6.539860893226776550e-01 4.207517968991866808e-02
7.512458908308085048e-01 5.071791444531030812e-01 6.943193236781484146e-01 4.379627934454521920e-02
8.386195117652580633e-01 5.662863749796908097e-01 7.309531037461467484e-01 5.171742077807560400e-02
9.850501924173186152e-01 5.001850275073039809e-01 6.615426001448365678e-01 1.974274992238637602e-02
9.471094579537242542e-01 5.723686951399501455e-01 6.806753339169036021e-01 6.402108035835633870e-02
7.947595861643612647e-01 6.322949215607026607e-01 6.747694148246528023e-01 2.085350420717948031e-02
8.170673072845331397e-01 7.066367960231781931e-01 6.295553096910861957e-01 5.743982771486025318e-02
8.432120131164785315e-01 6.594705685097248526e-01 7.255220157951818294e-01 4.174326041243744262e-02
7.528379405229365107e-01 7.138039655363667135e-01 7.323731265925828016e-01 6.394345250984398432e-02
9.808950118363474191e-01 6.612347391106859762e-01 6.397963578424303854e-01 3.180676468188986528e-02
9.263950172234745040e-01 6.817027841640489472e-01 6.981125236971726933e-01 4.862651094799135681e-02
9.613362410110690703e-01 6.277892895964791720e-01 7.497449280500699809e-01 2.467424551863103485e-02
5.581859663097102908e-01 7.931992787728211480e-01 5.704008079776251572e-01 6.048778344007083030e-02
6.482693507573727976e-01 7.655320558453619917e-01 5.596466818591205872e-01 3.437173522158801231e-02
7.172410614984249255e-01 7.550926462485227919e-01 5.188980906214459843e-01 4.642516112208192741e-02
6.592304965687335594e-01 8.667826257807748069e-01 5.162326129919534434e-01 2.259464316062908054e-02
6.346899915860674257e-01 8.338556900271973937e-01 5.485271984854984684e-01 2.886796579315254602e-02
7.025271878075878274e-01 7.602243585913218693e-01 5.916488574984619664e-01 1.775276366745880477e-02
7.001945233307018679e-01 8.217748616723481447e-01 5.802114020568814867e-01 4.489484235266425621e-02
5.218389548011879153e-01 8.796869606624627691e-01 5.174572441049241078e-01 3.019106050005222405e-02
5.957423095054016349e-01 8.871558277964951555e-01 5.174569589160001870e-01 4.409356760814032994e-02
5.602654378980846950e-01 9.808450669202521954e-01 5.658317373640615600e-01 5.461119753712839059e-02
6.805049801948944710e-01 9.401651726324197211e-01 5.322904031336368469e-01 5.535227296332580899e-02
7.470633273333349145e-01 9.892744273896357798e-01 5.322993906099785510e-01 1.766863998174663178e-02
7.187976725226423724e-01 9.263326141308183548e-01 6.170865053306988646e-01 3.871197822871341732e-02
5.414696397844460662e-01 8.256939399847188499e-01 7.266970072236128564e-01 7.432212885311689776e-02
6.323471330523848799e-01 7.744457259426549278e-01 6.540127593926985394e-01 5.283856038935834387e-02
6.414453496769223495e-01 8.726139375903528839e-01 7.373333719303275524e-01 3.493441661831631767e-02
7.299117437826034838e-01 8.397149715408538384e-01 6.895335047523859506e-01 6.980818533536872761e-02
6.186715768908460644e-01 8.912415743666526335e-01 6.269371845696605217e-01 6.784286621215795954e-02
5.122669740828615925e-01 9.825817075655223221e-01 6.426927154823934840e-01 2.700284182223122373e-02
5.759751582783722013e-01 9.986271776451398630e-01 6.578573469505903937e-01 4.042776078592566491e-02
5.449602150925966226e-01 9.357939924303150248e-01 6.961969411772864769e-01 3.934709563320628462e-02
6.196868384919628214e-01 9.109163827454557216e-01 7.188870619919015548e-01 1.084157739907426997e-02
5.011744339767881806e-01 9.875944203558347789e-01 6.964940819566632912e-01 2.816156753746868260e-02
6.536110740643394923e-01 9.755851489677640487e-01 7.123139382003957909e-01 5.716540100535388857e-02
7.412542866466480529e-01 9.470095301549004141e-01 7.047847368159961823e-01 3.533692143786583417e-02
8.302568123206837125e-01 7.791420520767696756e-01 5.194786797892744223e-01 6.913654457740216197e-02
7.607958647850784351e-01 7.769638556947524588e-01 5.952874068823668097e-01 3.196761184535400896e-02
7.764265961567099472e-01 8.737377095558322981e-01 5.807198389582013398e-01 4.736947252963977922e-02
8.427402551663335517e-01 8.428788418296738749e-01 5.745438166046401562e-01 7.124492857487926649e-03
9.352680044376432411e-01 7.802043058382857055e-01 5.482236382641257899e-01 2.992100719001629036e-02
9.184096466440330175e-01 8.454938374227587428e-01 5.221363809018381152e-01 4.123053506140803709e-02
8.982634971952633274e-01 8.134180022343597827e-01 5.809893145705384843e-01 2.876462067957694102e-02
7.647971476827392090e-01 9.255885320752035295e-01 5.222864161902204261e-01 3.078501720105100356e-02
8.429334894017149749e-01 8.996327047745118488e-01 5.111363788314817747e-01 5.231262198847046879e-02
7.819350727951065450e-01 9.600810686764597035e-01 5.800837888022749578e-01 3.869092939283890614e-02
9.202501378444268854e-01 9.167155388731664800e-01 5.369919260815346762e-01 3.098413506707553208e-02
9.642352308384134485e-01 9.522640177860848265e-01 5.383907465723652974e-01 2.558871755805173370e-02
8.929133879808766050e-01 8.840052258529522700e-01 5.990366506058441010e-01 4.430066293779372222e-02
8.763995929924709438e-01 9.652064178284356366e-01 5.716338546160248946e-01 4.298169151822249512e-02
9.552041045612975623e-01 9.446342010966388703e-01 6.022912629253716066e-01 3.939737915255708822e-02
7.935972964440615174e-01 7.734965250633834000e-01 6.742605923315437844e-01 1.397431388231331652e-02
8.350553193473524427e-01 8.151167815504808400e-01 6.344368637666598643e-01 5.142022633482186411e-02
8.643278802827020213e-01 7.639621974655752545e-01 7.271423309075258912e-01 5.843623033075061313e-02
8.174516113172793919e-01 8.407884456340629642e-01 7.127153820577543097e-01 1.633948037608557932e-02
8.723149360556019527e-01 8.554079353625249071e-01 7.030763972896532099e-01 3.646458230215254143e-02
9.145158865329897635e-01 8.244963356268766308e-01 6.583797121816878928e-01 3.199968971371875553e-02
9.667602621493245341e-01 7.881991756777998459e-01 7.082052713791295862e-01 4.852615394095623896e-02
9.882914038849439642e-01 8.528931820835659039e-01 6.883890389508309227e-01 1.140022402965029484e-02
9.382234163720528652e-01 8.653072031512680784e-01 7.392149159513740075e-01 3.935744167386797526e-02
8.220698578833131043e-01 9.250332780295493773e-01 6.617412026883989773e-01 5.883650583331382494e-02
7.553070055677344463e-01 9.798622934498367743e-01 6.404063605592978936e-01 3.015274286091184155e-02
9.368847696444744244e-01 9.022252819799936319e-01 6.722232016348046457e-01 3.421639308826422698e-02
9.044835350359892168e-01 9.576193074261677429e-01 6.489136806360722431e-01 3.070986221885532372e-02
9.667001443356174617e-01 9.653726765205135063e-01 6.692361724184056060e-01 3.048558135128700414e-02
9.058185165208767486e-01 9.682462006228137463e-01 7.479764748483876957e-01 6.893103291165875168e-02
5.058089112523693753e-01 5.186532799065384225e-01 7.590312704046279224e-01 2.102953675523823104e-02
5.927337000245174181e-01 5.047521535055561337e-01 7.602985521749466846e-01 3.641731220552216902e-02
5.453868900602161229e-01 5.658569556726863459e-01 7.690606682751063294e-01 4.138258791456291691e-02
5.126372119057516219e-01 5.089550734777511520e-01 8.366877553164436820e-01 5.287236458552613261e-02
6.057626690626263244e-01 5.448041184471072995e-01 8.323088359437242900e-01 4.701153812474132693e-02
5.494831075127115660e-01 5.832341068477110424e-01 8.290165054300697722e-01 2.065623329118989812e-02
6.464853357693063352e-01 5.669378840554171184e-01 7.652780332720865442e-01 3.448362208219330621e-02
7.060695098291033256e-01 5.689284122895131857e-01 8.049093199144209398e-01 3.710655349294054300e-02
6.725435953855795068e-01 5.478377491661181597e-01 8.484467860112253623e-01 2.175187491018782879e-02
7.457516422315821902e-01 5.146872408829519241e-01 8.435233144187148646e-01 4.040855667938366563e-02
6.546201443417848376e-01 6.010591996986931473e-01 8.275808520476258812e-01 2.765402745786510463e-02
6.991540584804577518e-01 5.903792449871283488e-01 8.707014747564123525e-01 3.244272311640598871e-02
5.198745954549496284e-01 6.443292143122939519e-01 7.812982821486549323e-01 3.082876934180176984e-02
5.839469192232608075e-01 6.272831969891972115e-01 8.051689467799584277e-01 3.963916161041376729e-02
5.045479499687018921e-01 7.293993678359583788e-01 7.879481054199604095e-01 2.796602486339591631e-02
5.722445024485324216e-01 7.028007225818995174e-01 7.542258661402715392e-01 5.220567868140486151e-02
5.394468197705502011e-01 6.814491375297782039e-01 8.330564489592372501e-01 3.580618645024198632e-02
6.588022078196809073e-01 6.452478647983833637e-01 7.701440891755114704e-01 4.493863521542042216e-02
6.603248008281479287e-01 6.393373192083470213e-01 8.669475501724053235e-01 2.755594995043723905e-02
7.353051726478769812e-01 6.518927189623213714e-01 8.275481343874502294e-01 5.094316960545761802e-02
6.276890540436710353e-01 7.073421460976682118e-01 8.421499022352344488e-01 5.184741669600169411e-02
7.183098998508982147e-01 7.493884792766623004e-01 8.350488296310794034e-01 4.830928139249645453e-02
5.219742626102487071e-01 5.571350689315387461e-01 8.845865486932190658e-01 1.503093796082531804e-02
5.773525203137722661e-01 5.050112007429358174e-01 9.123377813801907266e-01 4.677416583524933447e-02
5.757364992540086046e-01 6.232348073234799113e-01 9.159414150457493298e-01 7.151559107239126301e-02
5.070258961004355802e-01 5.620309965215355419e-01 9.818910867694290445e-01 2.432512210473909003e-02
5.556230993387064609e-01 5.413167779301261140e-01 9.755227830307375836e-01 2.888505640991077469e-02
6.475954924883592367e-01 5.485605825414087144e-01 8.973734540245040803e-01 3.040791714756534148e-02
7.248153484393682344e-01 5.386508329251659122e-01 9.176769887013422888e-01 4.029635024542052579e-02
6.766818328390482584e-01 5.942572600620096290e-01 9.342719808140574900e-01 3.509850114013067512e-02
6.537101484468467172e-01 5.193457586705373386e-01 9.759913925947221180e-01 5.367528465601902055e-02
5.561514949342998282e-01 7.224959666076671283e-01 8.867224729916816095e-01 3.379549933611785545e-02
6.123930493673213071e-01 7.120203824904111078e-01 9.355498525014990241e-01 2.620356010629080329e-02
5.353316336272745390e-01 6.707067802867066053e-01 9.986281242163080885e-01 3.155965756232409491e-02
5.064084796661283416e-01 7.086819110537190269e-01 9.414400811647370970e-01 4.143590059869895620e-02
5.857168848296699926e-01 7.134927629993433884e-01 9.853948855278854557e-01 3.029961244493708378e-02
7.018371471316042776e-01 6.916667905337279265e-01 9.317886236465757754e-01 6.554101300224893234e-02
7.753437495815843628e-01 5.178430736167558557e-01 7.713742200822809592e-01 3.764299822766625087e-02
8.043163540871060002e-01 5.798444533396688305e-01 8.265336878611764249e-01 4.883446783199297397e-02
8.725538209825315361e-01 5.638094770045933846e-01 8.325710936112729055e-01 1.685197956722499571e-02
9.325469189625829047e-01 5.571732970689273756e-01 7.695748642139002005e-01 2.047236085756029902e-02
9.453791270513891565e-01 5.521048766458303003e-01 8.299437358039124524e-01 3.960517238218354968e-02
7.959108846090117151e-01 6.368145523902388749e-01 7.672838077825754333e-01 1.982588085544968737e-02
8.150670150227171673e-01 6.574170234273727376e-01 8.109810615194549266e-01 3.069096463042784301e-02
8.273915964770147680e-01 7.133588070468405151e-01 7.900522800618379193e-01 3.028939348100066417e-02
8.557297695782981606e-01 6.859938787252952697e-01 8.271220392476521521e-01 1.964945202368418437e-02
8.179158142843014900e-01 6.407964772808470988e-01 8.689075140426788524e-01 2.663498149077285493e-02
8.612650413028957175e-01 6.379902788249466328e-01 8.638757671196232168e-01 1.651056727993715015e-02
8.023841078569426966e-01 7.139286491956419178e-01 8.639727629165968592e-01 4.742071439409142886e-02
8.936754058048104188e-01 6.253527856928430273e-01 8.004082780669821151e-01 5.479615246084099806e-02
8.790090875719293040e-01 6.963539376821378246e-01 7.717021155969594481e-01 2.296474637248287556e-02
8.805195317189352666e-01 7.126346011788573520e-01 8.119766251476407959e-01 1.868603714536976046e-02
9.508571123610560782e-01 7.172281526368419202e-01 7.910348431196576602e-01 5.382744521261064591e-02
9.933607303604434779e-01 6.339915178137033314e-01 8.522052363661729579e-01 5.788130407915959702e-02
9.979250711660130335e-01 7.379868481281434134e-01 8.702652837181652501e-01 4.063833916071387525e-02
7.851972219670728670e-01 5.563180763683204244e-01 9.304528677135156522e-01 2.390237070163514152e-02
8.135220990285003673e-01 5.243316990538775535e-01 8.892687439437253483e-01 3.544065980243666508e-02
7.624441144896576539e-01 6.056242578375028440e-01 8.993466453572265262e-01 3.868162471116793483e-02
8.310859705373688788e-01 5.160117194590941869e-01 9.730462517528721822e-01 5.056278166984629063e-02
8.174735552026083374e-01 5.870030770605930703e-01 9.483272869920541526e-01 2.398277710404142851e-02
8.879751154030737226e-01 5.802916053595983392e-01 9.049843362790583878e-01 5.899757983177800202e-02
9.859540366034382775e-01 5.629779888596806448e-01 8.905457206956904903e-01 1.494679957110414854e-02
9.892472489844410521e-01 5.887265388064190086e-01 9.544430614516187239e-01 5.402206368721311491e-02
7.732453336112242726e-01 6.627088705998013252e-01 8.957453167367988023e-01 1.952980419840641760e-02
8.211739355755283132e-01 6.568890694860644031e-01 9.405634151277468824e-01 4.634713906221633872e-02
7.825302507049438638e-01 7.100402976179679415e-01 9.906974713605909422e-01 3.605571791926671238e-02
8.243227120836306154e-01 7.371293693937702729e-01 9.414854968879885488e-01 3.396041467643096806e-02
9.022441029897132481e-01 6.943595307421036589e-01 8.881839818259383845e-01 5.719053839917535853e-02
9.401366575557190686e-01 6.718674219432716477e-01 9.819270867109201051e-01 4.639353416011644110e-02
8.982810084107250015e-01 7.433244520238959652e-01 9.527591207412793306e-01 1.348856484196744691e-02
5.533117897885072578e-01 7.603992934455258146e-01 8.235705613375602363e-01 3.991525445844575776e-02
5.090947864566413017e-01 8.083013469342295032e-01 8.163197579574222873e-01 1.805101236390093539e-02
5.466807535360144188e-01 8.193395068593825048e-01 8.747134799842435360e-01 3.721772448235700914e-02
6.049178138053037390e-01 8.225527082678383284e-01 8.227843803731226258e-01 4.088157886430662108e-02
6.533104240888676362e-01 7.714266547238691762e-01 7.590058138546799116e-01 5.413197280333374023e-02
7.014842069757770693e-01 8.607294426757066130e-01 8.402833809768512907e-01 6.442468643061795286e-02
5.921027826937077521e-01 9.304752950628212282e-01 8.119865701779505063e-01 6.835977679296818821e-02
7.022536371684352519e-01 9.130976416366708426e-01 7.570797415107212158e-01 3.369294126212114132e-02
7.108138874097194027e-01 9.973310281025912216e-01 8.217569880162221008e-01 6.824159585846419074e-02
5.498077852541763955e-01 7.646512151412493408e-01 9.337676018395435484e-01 2.969644867363920721e-02
5.372216747239126899e-01 7.508324073517657071e-01 9.911498037545516393e-01 3.065721426338549258e-02
5.775941118874700075e-01 8.001716664888011143e-01 9.854107707180919107e-01 3.178333468556639174e-02
5.033864409484029023e-01 8.271659539647345794e-01 9.497921148524564039e-01 4.980530180441857663e-02
6.310658657218277678e-01 7.916284362551539999e-01 9.133263163695036768e-01 5.833220419285746472e-02
7.211616947490803176e-01 8.538246735576587865e-01 9.257008066448619843e-01 2.350208912793499971e-02
7.019156497723685328e-01 7.786889743958405052e-01 9.488897012034145373e-01 2.124699702791966321e-02
6.267238514882377265e-01 8.459943281875943466e-01 9.840121056294767188e-01 3.095588177251849815e-02
6.893537906072580990e-01 8.259723508299350314e-01 9.777570328412454881e-01 3.509504067407995254e-02
5.779571033348989140e-01 8.828838765281467049e-01 9.212893747059095473e-01 4.755220570940377894e-02
5.126328328318525696e-01 9.627889130161945141e-01 9.036150662636142084e-01 5.716462598781060778e-02
5.176597746930451382e-01 9.014388539589047733e-01 9.603859685548059577e-01 2.633665762873535141e-02
6.199434954125087049e-01 9.025092196604629358e-01 9.877827001939410989e-01 2.609035661244868409e-02
5.690601977503720876e-01 9.472392126439607152e-01 9.598219902003677362e-01 2.228025994984481756e-02
6.164126442565553976e-01 9.568772061113464122e-01 9.824373814637714641e-01 2.865519013837221698e-02
7.086995206535514624e-01 9.356582547434564301e-01 8.999462743170510981e-01 3.137213422297464166e-02
6.383760392422446195e-01 9.696226632504384435e-01 9.106778074989615446e-01 4.746520476076749456e-02
7.462424750942933116e-01 9.904548100775669717e-01 8.979250400310245794e-01 1.018805416395937580e-02
6.663149230355814856e-01 8.885270647138562294e-01 9.379687627200605782e-01 4.255097577673772752e-02
7.357082111660824264e-01 8.831643825138231207e-01 9.766835710724739439e-01 3.709288761000086032e-02
7.025471281247713806e-01 9.506441419091467004e-01 9.745383680694004180e-01 3.812621496318258085e-02
7.862239256970160461e-01 8.055871506140980243e-01 7.887477040696874164e-01 4.834160092483583832e-02
8.709606318377856038e-01 8.481334678997738408e-01 7.807050693881606440e-01 4.151777232585009136e-02
8.671672314185111530e-01 7.757392409468313321e-01 8.324022292518621358e-01 4.752391702520072925e-02
7.857633830155943411e-01 8.368494977018582359e-01 8.523230421383332089e-01 2.052084223358896856e-02
8.312957658293205210e-01 8.422569429055098977e-01 8.363459366871295320e-01 2.547213676599151266e-02
9.401283897002324919e-01 8.092761596569033600e-01 7.937985647250971333e-01 3.889685832017868855e-02
8.810122337216856891e-01 8.495568194309685017e-01 8.639737323613867481e-01 2.054461755955610050e-02
7.933402048160484998e-01 9.120289245945153445e-01 7.754458840725216850e-01 5.916390150341138687e-02
8.550975770743143300e-01 9.395027554284770543e-01 8.248831325812797655e-01 2.140150467271376492e-02
8.216700748806833321e-01 9.708459527942333578e-01 8.258886333727264439e-01 1.855915535313154216e-02
9.114290715304136370e-01 8.986213648843927038e-01 8.346667614770511001e-01 4.239867580440816186e-02
8.988251373492877061e-01 9.873676115511956786e-01 8.682688017269583058e-01 5.308380432065670784e-02
7.668727690052840051e-01 7.945859136482860130e-01 9.114254908432077862e-01 5.267310091191634153e-02
7.893575701272020906e-01 8.447260451755161936e-01 9.719507994853677779e-01 2.907701886620888548e-02
8.318035080472161447e-01 8.429721403659844459e-01 9.509714115689970049e-01 1.784120173659482431e-02
8.749877095248075332e-01 8.744557649840526414e-01 9.974967996457289043e-01 5.263263692799502458e-02
8.793524826167754549e-01 7.995194920591245369e-01 9.267377716026552470e-01 5.052827132457123060e-02
9.715891695561866825e-01 8.328929639214875946e-01 8.814473135365815670e-01 5.718309828001439526e-02
9.617649106117626134e-01 7.542089972041359225e-01 9.469300029234815064e-01 4.566460558895018423e-02
9.828639729386623447e-01 8.200997497030287908e-01 9.799225595392130339e-01 3.098650271039621318e-02
8.072368081753773517e-01 9.136277501364864495e-01 9.035138603578313221e-01 6.967205529703267286e-02
7.589559644278175421e-01 9.752249095397264034e-01 9.548364135830378352e-01 2.388983405836336837e-02
9.075598340871797731e-01 8.881606904400999314e-01 9.175413150523636929e-01 3.478972074449670354e-02
9.636636435313149507e-01 9.408935338575025176e-01 9.204850670844499927e-01 4.226942171667465165e-02
9.616683314513561065e-01 8.847457651227175202e-01 9.765842968397898671e-01 3.712928868939958937e-02
8.934810154673600291e-01 9.475755964415634169e-01 9.525370585427698211e-01 3.518539569263211958e-02
9.927016747383226036e-01 9.501427291020304589e-01 9.940137639849807583e-01 3.732629992998720558e-02
9.417910478981419420e-01 9.849150010043896675e-01 9.708044480048576563e-01 2.808180598466216218e-02
